occupation,TotalEmployed,Women,Men,White,BlackAfricanAmerican,Asian,HispanicLatino,color_code,source,us_labor_occupation_names,Unnamed: 4,Unnamed: 5,Unnamed: 6,Unnamed: 7,Unnamed: 8,Unnamed: 9,Unnamed: 10,Unnamed: 11,Unnamed: 12,Unnamed: 13,Unnamed: 14,Unnamed: 15,Unnamed: 16,Unnamed: 17,Unnamed: 18,Unnamed: 19,Unnamed: 20,Unnamed: 21,Unnamed: 22,Unnamed: 23,Unnamed: 24,Unnamed: 25,Unnamed: 26,Unnamed: 27,Unnamed: 28,Unnamed: 29,Unnamed: 30,Unnamed: 31,Unnamed: 32,Unnamed: 33,Unnamed: 34,Unnamed: 35,Unnamed: 36,Unnamed: 37,Unnamed: 38,Unnamed: 39,Unnamed: 40,Unnamed: 41,Unnamed: 42,Unnamed: 43,Unnamed: 44,Unnamed: 45,Unnamed: 46,Unnamed: 47,Unnamed: 48,Unnamed: 49,Unnamed: 50,Unnamed: 51,Unnamed: 52,Unnamed: 53,Unnamed: 54,Unnamed: 55,Unnamed: 56,Unnamed: 57,Unnamed: 58,Unnamed: 59,Unnamed: 60,Unnamed: 61,Unnamed: 62,Unnamed: 63,Unnamed: 64,Unnamed: 65,Unnamed: 66,Unnamed: 67,Unnamed: 68,Unnamed: 69,Unnamed: 70,Unnamed: 71,Unnamed: 72,Unnamed: 73,Unnamed: 74,Unnamed: 75,Unnamed: 76,Unnamed: 77,Unnamed: 78,Unnamed: 79,Unnamed: 80,Unnamed: 81,Unnamed: 82,Unnamed: 83,Unnamed: 84,Unnamed: 85,Unnamed: 86,Unnamed: 87,Unnamed: 88,Unnamed: 89,Unnamed: 90,Unnamed: 91,Unnamed: 92,Unnamed: 93,Unnamed: 94,Unnamed: 95,Unnamed: 96,Unnamed: 97,Unnamed: 98,Unnamed: 99,Unnamed: 100,Unnamed: 101,Unnamed: 102,Unnamed: 103,Unnamed: 104,Unnamed: 105,Unnamed: 106,Unnamed: 107,Unnamed: 108,Unnamed: 109,Unnamed: 110,Unnamed: 111,Unnamed: 112,Unnamed: 113,Unnamed: 114,Unnamed: 115,Unnamed: 116,Unnamed: 117,Unnamed: 118,Unnamed: 119,UsedOccupations
teacher,6432,0.7343140547263682,0.2656859452736319,0.8026640236318409,0.11918703358208957,0.051960976368159204,0.11238339552238806,Overlap,21,Postsecondary teachers; Preschool and kindergarten teachers; Elementary and middle school teachers; Special education teachers; Other teachers and instructors,71.0,special ed teacher,71.0,primary school teacher,94.0,earth teacher,94,drama teacher,94.0,law enforcement teacher,94.0,preschool teacher,94.0,communications teacher,94.0,recreation and fitness studies teacher,94.0,biological science teacher,94.0,engineering teacher,94.0,self-enrichment teacher,94.0,law teacher,94.0,education teacher,94.0,technical education teacher,94.0,environmental science teacher,94.0,geography teacher,94.0,social work teacher,94.0,library science teacher,94.0,business teacher,94.0,anthropology teacher,94.0,psychology teacher,94.0,religion teacher,94.0,music teacher,94.0,mathematical science teacher,94.0,career education teacher,94.0,"area, ethnic, and cultural studies teacher",94.0,postsecondary teacher,94.0,archeology teacher,94.0,criminal justice teacher,94.0,forestry teacher,94.0,nursing teacher,94.0,kindergarten teacher,94.0,history teacher,94.0,foreign language and literature teacher,94.0,space sciences teacher,94.0,economics teacher,94.0,political science teacher,94.0,health specialties teacher,94.0,marine teacher,94.0,art teacher,94.0,atmospheric teacher,94.0,architecture teacher,94.0,social sciences teacher,94.0,middle school teacher,94.0,conservation science teacher,94.0,chemistry teacher,94.0,sociology teacher,94.0,english language and literature teacher,94.0,secondary school teacher,94.0,physics teacher,94.0,educator,94.0,yoga instructor,94.0,nursing instructor,94.0,group fitness instructor,94_m,dance instructor,94.0,farm and home management educator,94.0,substitute,94.0,health education specialist,Postsecondary teachers; Preschool and kindergarten teachers; Elementary and middle school teachers; Special education teachers; Other teachers and instructors
director,245,0.5114530612244897,0.48854693877551025,0.7890367346938776,0.12131836734693877,0.04917959183673469,0.10649795918367347,Good,21,"Emergency management directors; Directors, religious activities and education; Producers and directors; Music directors and composers",21.0,company director,21.0,film director,94.0,emergency management director,94,music director,94.0,athletic director,94.0,art director,,,,,,,,,,,,,,,,,,,,,,,,,,,,,,,,,,,,,,,,,,,,,,,,,,,,,,,,,,,,,,,,,,,,,,,,,,,,,,,,,,,,,,,,,,,,,,,,,,,,,,,,,"Directors, religious activities and education; Producers and directors"
professor,1013,0.466,0.534,0.785,0.084,0.109,0.079,Overlap,21,Postsecondary teachers,94.0,associate professor,94.0,adjunct professor,94.0,economics professor,94,assistant professor,94.0,professor emeritus,,,,,,,,,,,,,,,,,,,,,,,,,,,,,,,,,,,,,,,,,,,,,,,,,,,,,,,,,,,,,,,,,,,,,,,,,,,,,,,,,,,,,,,,,,,,,,,,,,,,,,,,,,,Postsecondary teachers
judge,76,0.465,0.5349999999999999,0.723,0.262,0.0,0.11199999999999999,Good,21,"Judges, magistrates, and other judicial workers",94.0,magistrate judge,94.0,administrative law judge,94.0,magistrate,94,adjudicator,94.0,hearing officer,,,,,,,,,,,,,,,,,,,,,,,,,,,,,,,,,,,,,,,,,,,,,,,,,,,,,,,,,,,,,,,,,,,,,,,,,,,,,,,,,,,,,,,,,,,,,,,,,,,,,,,,,,,"Judges, magistrates, and other judicial workers"
therapist,1047,0.7965711556829036,0.20342884431709649,0.8333915950334289,0.08985482330468003,0.04704202483285578,0.08791212989493791,Good,54,"Occupational therapists; Physical therapists; Radiation therapists; Recreational therapists; Respiratory therapists; Speech-language pathologists; Exercise physiologists; Therapists, all other",54.0,occupational therapist,94.0,recreational therapist,94.0,radiation therapist,94,respiratory therapist,94.0,marriage and family therapist,54.0,physical therapist,54.0,massage therapist,94.0,physical therapist assistant,94.0,occupational therapy assistant,94.0,physical therapist aide,54.0,language pathologist,94.0,occupational therapy aide,94.0,school psychologist,94.0,speech-language pathologist,94.0,exercise physiologist,,,,,,,,,,,,,,,,,,,,,,,,,,,,,,,,,,,,,,,,,,,,,,,,,,,,,,,,,,,,,,,,,,,,,,,,,,,,,,,,,,,,,,,"Occupational therapists; Physical therapists; Respiratory therapists; Speech-language pathologists; Therapists, all other"
butcher,243,0.276,0.724,0.72,0.163,0.073,0.366,Good,5,"Butchers and other meat, poultry, and fish processing workers",94.0,meat cutter,94.0,"meat, poultry, and fish cutter",94.0,"meat, poultry, and fish trimmer",94,meat packer,,,,,,,,,,,,,,,,,,,,,,,,,,,,,,,,,,,,,,,,,,,,,,,,,,,,,,,,,,,,,,,,,,,,,,,,,,,,,,,,,,,,,,,,,,,,,,,,,,,,,,,,,,,,,"Butchers and other meat, poultry, and fish processing workers"
chef,476,0.233,0.767,0.588,0.18899999999999997,0.185,0.207,Good,5,Chefs and head cooks,54.0,head cook,,,,,,,,,,,,,,,,,,,,,,,,,,,,,,,,,,,,,,,,,,,,,,,,,,,,,,,,,,,,,,,,,,,,,,,,,,,,,,,,,,,,,,,,,,,,,,,,,,,,,,,,,,,,,,,,,,,Chefs and head cooks
cook,2016,0.39799999999999996,0.6020000000000001,0.691,0.172,0.07,0.396,Good,5,Cooks,94.0,food preparation worker,,,,,,,,,,,,,,,,,,,,,,,,,,,,,,,,,,,,,,,,,,,,,,,,,,,,,,,,,,,,,,,,,,,,,,,,,,,,,,,,,,,,,,,,,,,,,,,,,,,,,,,,,,,,,,,,,,,Cooks
dentist,164,0.395,0.605,0.772,0.043,0.145,0.08,Good,5,Dentists,54.0,dental assistant,54.0,dental hygienist,94.0,orthodontist,94,prosthodontist,,,,,,,,,,,,,,,,,,,,,,,,,,,,,,,,,,,,,,,,,,,,,,,,,,,,,,,,,,,,,,,,,,,,,,,,,,,,,,,,,,,,,,,,,,,,,,,,,,,,,,,,,,,,,Dentists
pilot,211,0.083,0.917,0.924,0.036000000000000004,0.027000000000000003,0.107,Good,5,Aircraft pilots and flight engineers,94.0,copilot,94.0,commercial pilot,94.0,flight engineer,,,,,,,,,,,,,,,,,,,,,,,,,,,,,,,,,,,,,,,,,,,,,,,,,,,,,,,,,,,,,,,,,,,,,,,,,,,,,,,,,,,,,,,,,,,,,,,,,,,,,,,,,,,,,,,Aircraft pilots and flight engineers
scientist,782,0.4549757033248082,0.5450242966751917,0.6179884910485933,0.07392583120204603,0.2792634271099744,0.07796291560102302,Good,5,"Computer and information research scientists; Statisticians; Agricultural and food scientists; Biological scientists; Conservation scientists and foresters; Medical scientists; Life scientists, all other; Astronomers and physicists; Atmospheric and space scientists; Chemists and materials scientists; Environmental scientists and specialists, including health; Geoscientists and hydrologists, except geographers; Physical scientists, all other",94.0,animal scientist,94.0,medical scientist,94.0,biological scientist,94,geoscientist,94.0,social scientist,94.0,environmental scientist,94.0,data scientist,94.0,materials scientist,94.0,computer and information research scientist,94.0,food scientist,94.0,political scientist,94.0,computer scientist,94.0,soil and plant scientist,94.0,atmospheric scientist,94.0,space scientist,94.0,conservation scientist,94.0,physical scientist,21.0,biologist,94.0,wildlife biologist,70.0,chemist,70.0,physicist,21.0,geologist,54.0,psychologist,94.0,microbiologist,94.0,zoologist,70.0,tennis player,94.0,biochemists and biophysicist,102.0,astronomer,94.0,hydrologist,,,,,,,,,,,,,,,,,,,,,,,,,,,,,,,,,,,,,,,,,,,,,,,,,,,,,,,,,,,"Biological scientists; Medical scientists; Chemists and materials scientists; Physical scientists, all other"
flight attendant,115,0.78,0.21999999999999997,0.797,0.163,0.037000000000000005,0.2,Good,5,Flight attendants,,,,,,,,,,,,,,,,,,,,,,,,,,,,,,,,,,,,,,,,,,,,,,,,,,,,,,,,,,,,,,,,,,,,,,,,,,,,,,,,,,,,,,,,,,,,,,,,,,,,,,,,,,,,,,,,,,,,,Flight attendants
painter,561,0.10400000000000001,0.896,0.902,0.055,0.004,0.606,Good,5,Painters and paperhangers,,,,,,,,,,,,,,,,,,,,,,,,,,,,,,,,,,,,,,,,,,,,,,,,,,,,,,,,,,,,,,,,,,,,,,,,,,,,,,,,,,,,,,,,,,,,,,,,,,,,,,,,,,,,,,,,,,,,,Painters and paperhangers
nurse,3472,0.8740000000000001,0.1259999999999999,0.726,0.156,0.08900000000000001,0.08900000000000001,Good,5,Registered nurses,94.0,registered nurse,71.0,nurse practitioner,54.0,nursing assistant,,,,,,,,,,,,,,,,,,,,,,,,,,,,,,,,,,,,,,,,,,,,,,,,,,,,,,,,,,,,,,,,,,,,,,,,,,,,,,,,,,,,,,,,,,,,,,,,,,,,,,,,,,,,,,,Registered nurses
hairdresser,717,0.9209999999999999,0.07900000000000007,0.77,0.132,0.068,0.18,Overlap,5,"Hairdressers, hairstylists, and cosmetologists",70.0,barber,,,,,,,,,,,,,,,,,,,,,,,,,,,,,,,,,,,,,,,,,,,,,,,,,,,,,,,,,,,,,,,,,,,,,,,,,,,,,,,,,,,,,,,,,,,,,,,,,,,,,,,,,,,,,,,,,,,"Hairdressers, hairstylists, and cosmetologists"
singer,170,0.271,0.729,0.736,0.159,0.05,0.109,Overlap,5,Musicians and singers,70.0,opera singer,94.0,soloist,94.0,crooner,94,vocalist,,,,,,,,,,,,,,,,,,,,,,,,,,,,,,,,,,,,,,,,,,,,,,,,,,,,,,,,,,,,,,,,,,,,,,,,,,,,,,,,,,,,,,,,,,,,,,,,,,,,,,,,,,,,,Musicians and singers
police officer,702,0.14400000000000002,0.856,0.8140000000000001,0.142,0.027999999999999997,0.16699999999999998,Good,5,Police officers,94.0,transit and railroad police,70.0,sheriff,94.0,deputy sheriff,94,patrol officer,94.0,bailiff,,,,,,,,,,,,,,,,,,,,,,,,,,,,,,,,,,,,,,,,,,,,,,,,,,,,,,,,,,,,,,,,,,,,,,,,,,,,,,,,,,,,,,,,,,,,,,,,,,,,,,,,,,,Police officers
prison officer,300,0.33899999999999997,0.661,0.645,0.271,0.035,0.128,Overlap,5,Correctional officers and jailers,,,,,,,,,,,,,,,,,,,,,,,,,,,,,,,,,,,,,,,,,,,,,,,,,,,,,,,,,,,,,,,,,,,,,,,,,,,,,,,,,,,,,,,,,,,,,,,,,,,,,,,,,,,,,,,,,,,,,Correctional officers and jailers
waiter,1805,0.688,0.31200000000000006,0.755,0.099,0.085,0.264,Good,5,Waiters and waitresses,,,,,,,,,,,,,,,,,,,,,,,,,,,,,,,,,,,,,,,,,,,,,,,,,,,,,,,,,,,,,,,,,,,,,,,,,,,,,,,,,,,,,,,,,,,,,,,,,,,,,,,,,,,,,,,,,,,,,Waiters and waitresses
accountant,1624,0.57,0.43000000000000005,0.7340000000000001,0.11900000000000001,0.127,0.085,Good,21,Accountants and auditors,94.0,accountants and auditor,94.0,tax preparer,,,,,,,,,,,,,,,,,,,,,,,,,,,,,,,,,,,,,,,,,,,,,,,,,,,,,,,,,,,,,,,,,,,,,,,,,,,,,,,,,,,,,,,,,,,,,,,,,,,,,,,,,,,,,,,,,Accountants and auditors
architect,203,0.31,0.69,0.836,0.035,0.10099999999999999,0.113,Good,21,"Architects, except landscape and naval",94.0,landscape architect,94.0,naval architect,,,,,,,,,,,,,,,,,,,,,,,,,,,,,,,,,,,,,,,,,,,,,,,,,,,,,,,,,,,,,,,,,,,,,,,,,,,,,,,,,,,,,,,,,,,,,,,,,,,,,,,,,,,,,,,,,"Architects, except landscape and naval"
baker,233,0.655,0.345,0.802,0.07400000000000001,0.055999999999999994,0.371,Good,21,Bakers,,,,,,,,,,,,,,,,,,,,,,,,,,,,,,,,,,,,,,,,,,,,,,,,,,,,,,,,,,,,,,,,,,,,,,,,,,,,,,,,,,,,,,,,,,,,,,,,,,,,,,,,,,,,,,,,,,,,,Bakers
editor,125,0.5660000000000001,0.43399999999999994,0.912,0.035,0.046,0.065,Good,21,Editors,,,,,,,,,,,,,,,,,,,,,,,,,,,,,,,,,,,,,,,,,,,,,,,,,,,,,,,,,,,,,,,,,,,,,,,,,,,,,,,,,,,,,,,,,,,,,,,,,,,,,,,,,,,,,,,,,,,,,Editors
electrician,959,0.028999999999999998,0.971,0.873,0.067,0.016,0.24600000000000002,Good,21,Electricians,,,,,,,,,,,,,,,,,,,,,,,,,,,,,,,,,,,,,,,,,,,,,,,,,,,,,,,,,,,,,,,,,,,,,,,,,,,,,,,,,,,,,,,,,,,,,,,,,,,,,,,,,,,,,,,,,,,,,Electricians
engineer,2541,0.15390751672569855,0.8460924832743015,0.7585560802833531,0.06409838646202283,0.1510228256591893,0.09676465958284142,Good,21,"Aerospace engineers; Agricultural engineers; Bioengineers and biomedical engineers; Chemical engineers; Civil engineers; Computer hardware engineers; Electrical and electronics engineers; Environmental engineers; Industrial engineers, including health and safety; Marine engineers and naval architects; Materials engineers; Ship engineers; Mechanical engineers; Mining and geological engineers, including mining safety engineers; Nuclear engineers; Petroleum engineers; Engineers, all other",54.0,aerospace engineer,54.0,industrial engineer,54.0,civil engineer,54,mechanical engineer,54.0,electrical engineer,94.0,bioengineer,94.0,biomedical engineer,94.0,rail yard engineer,94.0,mining engineer,94.0,ship engineer,94.0,stationary engineer,94.0,computer hardware engineer,94.0,petroleum engineer,94.0,environmental engineer,94.0,agricultural engineer,94.0,chemical engineer,94.0,aircraft engineer,94.0,nuclear engineer,94.0,geological engineer,94.0,materials engineer,94.0,marine engineer,,,,,,,,,,,,,,,,,,,,,,,,,,,,,,,,,,,,,,,,,,,,,,,,,,,,,,,,,,,,,,,,,,,,,,,,,,,"Aerospace engineers; Chemical engineers; Civil engineers; Computer hardware engineers; Electrical and electronics engineers; Industrial engineers, including health and safety; Materials engineers; Mechanical engineers; Engineers, all other"
doctor,963,0.4522585669781931,0.5477414330218068,0.6840934579439253,0.08850467289719625,0.19383800623052957,0.06326168224299066,Good,5,"Chiropractors; Optometrists; Emergency medicine physicians; Other physicians; Podiatrists; Audiologists; Acupuncturists; Healthcare diagnosing or treating practitioners, all other; Radiologists",94.0,anesthesiologist,94.0,cardiologist,94.0,pediatrician,94,pathologist,94.0,general internal medicine physician,70.0,physician,94.0,dermatologist,94.0,acupuncturist,94.0,neurologist,94.0,family medicine physician,94.0,optometrist,94.0,podiatrist,94.0,psychiatrist,94.0,gynecologist,94.0,chiropractor,94.0,radiologist,94.0,emergency medicine physician,94.0,healthcare diagnosing or treating practitioner,94.0,audiologist,94.0,healthcare practitioner,,,,,,,,,,,,,,,,,,,,,,,,,,,,,,,,,,,,,,,,,,,,,,,,,,,,,,,,,,,,,,,,,,,,,,,,,,,,,Chiropractors; Other physicians
surgeon,59,0.2,0.8,0.75,0.057,0.18600000000000003,0.025,Good,5,Surgeons,94.0,pediatric surgeon,94.0,plastic surgeon,94.0,surgical assistant,,,,,,,,,,,,,,,,,,,,,,,,,,,,,,,,,,,,,,,,,,,,,,,,,,,,,,,,,,,,,,,,,,,,,,,,,,,,,,,,,,,,,,,,,,,,,,,,,,,,,,,,,,,,,,,Surgeons
writer,271,0.5379999999999999,0.4620000000000001,0.883,0.055,0.049,0.09,Good,21,Writers and authors,21.0,author,21.0,comic book writer,71.0,technical writer,94,sportswriter,94.0,songwriter,94.0,freelance writer,70.0,poet,94.0,novelist,94.0,lyricist,94.0,playwright,,,,,,,,,,,,,,,,,,,,,,,,,,,,,,,,,,,,,,,,,,,,,,,,,,,,,,,,,,,,,,,,,,,,,,,,,,,,,,,,,,,,,,,,,,,,,,,,,Writers and authors
underwriter,108,0.569,0.43100000000000005,0.773,0.156,0.057999999999999996,0.107,Good,54,Insurance underwriters,94.0,insurance underwriter,,,,,,,,,,,,,,,,,,,,,,,,,,,,,,,,,,,,,,,,,,,,,,,,,,,,,,,,,,,,,,,,,,,,,,,,,,,,,,,,,,,,,,,,,,,,,,,,,,,,,,,,,,,,,,,,,,,Insurance underwriters
mover,2090,0.242,0.758,0.722,0.193,0.027000000000000003,0.271,Good,54,"Laborers and freight, stock, and material movers, hand",94.0,"freight, stock, and material mover",94.0,material moving worker,,,,,,,,,,,,,,,,,,,,,,,,,,,,,,,,,,,,,,,,,,,,,,,,,,,,,,,,,,,,,,,,,,,,,,,,,,,,,,,,,,,,,,,,,,,,,,,,,,,,,,,,,,,,,,,,,"Laborers and freight, stock, and material movers, hand"
tutor,141,0.7040000000000001,0.29599999999999993,0.8059999999999999,0.067,0.081,0.243,Good,54,Tutors,,,,,,,,,,,,,,,,,,,,,,,,,,,,,,,,,,,,,,,,,,,,,,,,,,,,,,,,,,,,,,,,,,,,,,,,,,,,,,,,,,,,,,,,,,,,,,,,,,,,,,,,,,,,,,,,,,,,,Tutors
secretary,2208,0.9187133152173914,0.08128668478260866,0.8180176630434783,0.11847056159420291,0.033617753623188404,0.1500584239130435,Good,21,"Executive secretaries and executive administrative assistants; Legal secretaries and administrative assistants; Medical secretaries and administrative assistants; Secretaries and administrative assistants, except legal, medical, and executive",94.0,undersecretary,94.0,executive secretary,94.0,legal secretary,m_94,medical secretary,,,,,,,,,,,,,,,,,,,,,,,,,,,,,,,,,,,,,,,,,,,,,,,,,,,,,,,,,,,,,,,,,,,,,,,,,,,,,,,,,,,,,,,,,,,,,,,,,,,,,,,,,,,,,"Executive secretaries and executive administrative assistants; Legal secretaries and administrative assistants; Medical secretaries and administrative assistants; Secretaries and administrative assistants, except legal, medical, and executive"
artist,334,0.516,0.484,0.7959999999999999,0.067,0.081,0.113,Good,54,Artists and related workers,94.0,fine artist,70.0,performing artist,5.0,makeup artist,94,artiste,94.0,craft artist,94.0,special effects artist,94.0,sculptor,70.0,illustrator,94.0,cartoonist,,,,,,,,,,,,,,,,,,,,,,,,,,,,,,,,,,,,,,,,,,,,,,,,,,,,,,,,,,,,,,,,,,,,,,,,,,,,,,,,,,,,,,,,,,,,,,,,,,,Artists and related workers
pharmacist,354,0.578,0.42200000000000004,0.685,0.1,0.20800000000000002,0.057999999999999996,Good,54,Pharmacists,94.0,pharmacy aide,,,,,,,,,,,,,,,,,,,,,,,,,,,,,,,,,,,,,,,,,,,,,,,,,,,,,,,,,,,,,,,,,,,,,,,,,,,,,,,,,,,,,,,,,,,,,,,,,,,,,,,,,,,,,,,,,,,Pharmacists
paralegal,434,0.83,0.17000000000000004,0.763,0.153,0.05,0.168,Good,54,Paralegals and legal assistants,94.0,legal assistant,94.0,legal support worker,,,,,,,,,,,,,,,,,,,,,,,,,,,,,,,,,,,,,,,,,,,,,,,,,,,,,,,,,,,,,,,,,,,,,,,,,,,,,,,,,,,,,,,,,,,,,,,,,,,,,,,,,,,,,,,,,Paralegals and legal assistants
lawyer,1189,0.395,0.605,0.861,0.068,0.044000000000000004,0.057,Good,5,Lawyers,92.0,attorney,70.0,attourney,,,,,,,,,,,,,,,,,,,,,,,,,,,,,,,,,,,,,,,,,,,,,,,,,,,,,,,,,,,,,,,,,,,,,,,,,,,,,,,,,,,,,,,,,,,,,,,,,,,,,,,,,,,,,,,,,Lawyers
salesperson,4169,0.4851098584792517,0.5148901415207484,0.7923161429599423,0.12597385464140085,0.05073254977212761,0.18349388342528183,Good,5,"Parts salespersons; Retail salespersons; Advertising sales agents; Insurance sales agents; Securities, commodities, and financial services sales agents; Sales engineers; Sales and related workers, all other",94.0,sales engineer,94.0,parts salesperson,94.0,retail salesperson,94,sales worker,94.0,sales representative,94.0,door-to-door sales worker,94.0,insurance sales agent,94.0,advertising sales agent,,,,,,,,,,,,,,,,,,,,,,,,,,,,,,,,,,,,,,,,,,,,,,,,,,,,,,,,,,,,,,,,,,,,,,,,,,,,,,,,,,,,,,,,,,,,,,,,,,,,,"Parts salespersons; Retail salespersons; Advertising sales agents; Insurance sales agents; Securities, commodities, and financial services sales agents; Sales and related workers, all other"
solicitor,73,0.5429999999999999,0.4570000000000001,0.7140000000000001,0.154,0.027000000000000003,0.243,Good,5,"Door-to-door sales workers, news and street vendors, and related workers",,,,,,,,,,,,,,,,,,,,,,,,,,,,,,,,,,,,,,,,,,,,,,,,,,,,,,,,,,,,,,,,,,,,,,,,,,,,,,,,,,,,,,,,,,,,,,,,,,,,,,,,,,,,,,,,,,,,,"Door-to-door sales workers, news and street vendors, and related workers"
tailor,51,0.8140000000000001,0.18599999999999994,0.799,0.063,0.125,0.28600000000000003,Overlap,5,"Tailors, dressmakers, and sewers",,,,,,,,,,,,,,,,,,,,,,,,,,,,,,,,,,,,,,,,,,,,,,,,,,,,,,,,,,,,,,,,,,,,,,,,,,,,,,,,,,,,,,,,,,,,,,,,,,,,,,,,,,,,,,,,,,,,,"Tailors, dressmakers, and sewers"
photographer,228,0.485,0.515,0.794,0.092,0.063,0.10400000000000001,Good,21,Photographers,94.0,camera operator,,,,,,,,,,,,,,,,,,,,,,,,,,,,,,,,,,,,,,,,,,,,,,,,,,,,,,,,,,,,,,,,,,,,,,,,,,,,,,,,,,,,,,,,,,,,,,,,,,,,,,,,,,,,,,,,,,,Photographers
plumber,635,0.022000000000000002,0.978,0.847,0.10099999999999999,0.022000000000000002,0.28300000000000003,Good,21,"Plumbers, pipefitters, and steamfitters",94.0,pipefitter,,,,,,,,,,,,,,,,,,,,,,,,,,,,,,,,,,,,,,,,,,,,,,,,,,,,,,,,,,,,,,,,,,,,,,,,,,,,,,,,,,,,,,,,,,,,,,,,,,,,,,,,,,,,,,,,,,,"Plumbers, pipefitters, and steamfitters"
porter,78,0.29100000000000004,0.709,0.655,0.20199999999999999,0.11,0.34700000000000003,Good,21,"Baggage porters, bellhops, and concierges",94.0,baggage porter,,,,,,,,,,,,,,,,,,,,,,,,,,,,,,,,,,,,,,,,,,,,,,,,,,,,,,,,,,,,,,,,,,,,,,,,,,,,,,,,,,,,,,,,,,,,,,,,,,,,,,,,,,,,,,,,,,,"Baggage porters, bellhops, and concierges"
receptionist,1196,0.8909999999999999,0.1090000000000001,0.7859999999999999,0.128,0.035,0.225,Good,21,Receptionists and information clerks,,,,,,,,,,,,,,,,,,,,,,,,,,,,,,,,,,,,,,,,,,,,,,,,,,,,,,,,,,,,,,,,,,,,,,,,,,,,,,,,,,,,,,,,,,,,,,,,,,,,,,,,,,,,,,,,,,,,,Receptionists and information clerks
translator,101,0.7440000000000001,0.2559999999999999,0.773,0.057,0.122,0.428,Good,21,Interpreters and translators,21.0,sign language interpreter,94.0,interpreter,,,,,,,,,,,,,,,,,,,,,,,,,,,,,,,,,,,,,,,,,,,,,,,,,,,,,,,,,,,,,,,,,,,,,,,,,,,,,,,,,,,,,,,,,,,,,,,,,,,,,,,,,,,,,,,,,Interpreters and translators
travel agent,77,0.797,0.20299999999999996,0.853,0.092,0.055,0.16,Good,21,Travel agents,,,,,,,,,,,,,,,,,,,,,,,,,,,,,,,,,,,,,,,,,,,,,,,,,,,,,,,,,,,,,,,,,,,,,,,,,,,,,,,,,,,,,,,,,,,,,,,,,,,,,,,,,,,,,,,,,,,,,Travel agents
trucker,3551,0.069,0.931,0.7240000000000001,0.205,0.035,0.24100000000000002,Overlap,21,Driver/sales workers and truck drivers,,,,,,,,,,,,,,,,,,,,,,,,,,,,,,,,,,,,,,,,,,,,,,,,,,,,,,,,,,,,,,,,,,,,,,,,,,,,,,,,,,,,,,,,,,,,,,,,,,,,,,,,,,,,,,,,,,,,,Driver/sales workers and truck drivers
veterinarian,87,0.691,0.30900000000000005,0.9,0.013000000000000001,0.059000000000000004,0.079,Good,21,Veterinarians,94.0,veterinary assistant,,,,,,,,,,,,,,,,,,,,,,,,,,,,,,,,,,,,,,,,,,,,,,,,,,,,,,,,,,,,,,,,,,,,,,,,,,,,,,,,,,,,,,,,,,,,,,,,,,,,,,,,,,,,,,,,,,,Veterinarians
ceo,1780,0.306,0.694,0.858,0.052000000000000005,0.073,0.063,Overlap,40,Chief executives,,,,,,,,,,,,,,,,,,,,,,,,,,,,,,,,,,,,,,,,,,,,,,,,,,,,,,,,,,,,,,,,,,,,,,,,,,,,,,,,,,,,,,,,,,,,,,,,,,,,,,,,,,,,,,,,,,,,,Chief executives
cashier,2576,0.698,0.30200000000000005,0.6990000000000001,0.163,0.081,0.22699999999999998,Good,40,Cashiers,,,,,,,,,,,,,,,,,,,,,,,,,,,,,,,,,,,,,,,,,,,,,,,,,,,,,,,,,,,,,,,,,,,,,,,,,,,,,,,,,,,,,,,,,,,,,,,,,,,,,,,,,,,,,,,,,,,,,Cashiers
housekeeper,1380,0.884,0.11599999999999999,0.74,0.161,0.043,0.519,Good,40,Maids and housekeeping cleaners,,,,,,,,,,,,,,,,,,,,,,,,,,,,,,,,,,,,,,,,,,,,,,,,,,,,,,,,,,,,,,,,,,,,,,,,,,,,,,,,,,,,,,,,,,,,,,,,,,,,,,,,,,,,,,,,,,,,,Maids and housekeeping cleaners
assistant,2208,0.9187133152173914,0.08128668478260866,0.8180176630434783,0.11847056159420291,0.033617753623188404,0.1500584239130435,Overlap,21,"Executive secretaries and executive administrative assistants; Legal secretaries and administrative assistants; Medical secretaries and administrative assistants; Secretaries and administrative assistants, except legal, medical, and executive",21.0,personal assistant,54.0,executive assistant,71.0,administrative assistant,54,aide,94.0,helper,94.0,executive administrative assistant,,,,,,,,,,,,,,,,,,,,,,,,,,,,,,,,,,,,,,,,,,,,,,,,,,,,,,,,,,,,,,,,,,,,,,,,,,,,,,,,,,,,,,,,,,,,,,,,,,,,,,,,,"Executive secretaries and executive administrative assistants; Legal secretaries and administrative assistants; Medical secretaries and administrative assistants; Secretaries and administrative assistants, except legal, medical, and executive"
cosmetologist,717,0.9209999999999999,0.07900000000000007,0.77,0.132,0.068,0.18,Overlap,94,"Hairdressers, hairstylists, and cosmetologists",62.0,beautician,94.0,skincare specialist,,,,,,,,,,,,,,,,,,,,,,,,,,,,,,,,,,,,,,,,,,,,,,,,,,,,,,,,,,,,,,,,,,,,,,,,,,,,,,,,,,,,,,,,,,,,,,,,,,,,,,,,,,,,,,,,,"Hairdressers, hairstylists, and cosmetologists"
musician,170,0.271,0.729,0.736,0.159,0.05,0.109,Overlap,21,Musicians and singers,70.0,pianist,94.0,cellist,70.0,guitarist,94,violinist,94.0,organist,,,,,,,,,,,,,,,,,,,,,,,,,,,,,,,,,,,,,,,,,,,,,,,,,,,,,,,,,,,,,,,,,,,,,,,,,,,,,,,,,,,,,,,,,,,,,,,,,,,,,,,,,,,Musicians and singers
programmer,402,0.215,0.785,0.6609999999999999,0.065,0.242,0.099,Good,62,Computer programmers,21.0,computer programmer,,,,,,,,,,,,,,,,,,,,,,,,,,,,,,,,,,,,,,,,,,,,,,,,,,,,,,,,,,,,,,,,,,,,,,,,,,,,,,,,,,,,,,,,,,,,,,,,,,,,,,,,,,,,,,,,,,,Computer programmers
bartender,408,0.508,0.492,0.8590000000000001,0.073,0.031,0.223,Good,54,Bartenders,,,,,,,,,,,,,,,,,,,,,,,,,,,,,,,,,,,,,,,,,,,,,,,,,,,,,,,,,,,,,,,,,,,,,,,,,,,,,,,,,,,,,,,,,,,,,,,,,,,,,,,,,,,,,,,,,,,,,Bartenders
fitness instructor,257,0.5670000000000001,0.43299999999999994,0.789,0.109,0.062,0.168,Overlap,54,Exercise trainers and group fitness instructors,,,,,,,,,,,,,,,,,,,,,,,,,,,,,,,,,,,,,,,,,,,,,,,,,,,,,,,,,,,,,,,,,,,,,,,,,,,,,,,,,,,,,,,,,,,,,,,,,,,,,,,,,,,,,,,,,,,,,Exercise trainers and group fitness instructors
designer,878,0.5213667425968109,0.478633257403189,0.7972027334851934,0.06640205011389522,0.09232232346241458,0.12444533029612756,Good,21,Web and digital interface designers; Commercial and industrial designers; Fashion designers; Graphic designers; Interior designers; Other designers,92.0,fashion designer,94.0,digital interface designer,94.0,web interface designer,94,commercial and industrial designer,94.0,set and exhibit designer,54.0,graphic designer,54.0,interior designer,21.0,web designer,,,,,,,,,,,,,,,,,,,,,,,,,,,,,,,,,,,,,,,,,,,,,,,,,,,,,,,,,,,,,,,,,,,,,,,,,,,,,,,,,,,,,,,,,,,,,,,,,,,,,Web and digital interface designers; Graphic designers; Interior designers; Other designers
driver,4799,0.12287205667847469,0.8771279433215254,0.691397374453011,0.22232819337361948,0.050486142946447175,0.22998603875807458,Overlap,75,"Ambulance drivers and attendants, except emergency medical technicians; Bus drivers, school; Bus drivers, transit and intercity; Driver/sales workers and truck drivers; Shuttle drivers and chauffeurs; Taxi drivers; Motor vehicle operators, all other",54.0,bus driver,94.0,motor vehicle operator,94.0,light truck driver,94,heavy and tractor-trailer truck driver,54.0,school bus driver,54.0,truck driver,94.0,driver worker,94.0,industrial truck and tractor operator,94.0,school bus monitor,,,,,,,,,,,,,,,,,,,,,,,,,,,,,,,,,,,,,,,,,,,,,,,,,,,,,,,,,,,,,,,,,,,,,,,,,,,,,,,,,,,,,,,,,,,,,,,,,,,"Bus drivers, school; Bus drivers, transit and intercity; Driver/sales workers and truck drivers; Shuttle drivers and chauffeurs; Taxi drivers; Motor vehicle operators, all other"
developer,2134,0.20199999999999999,0.798,0.546,0.065,0.36200000000000004,0.06,Good,75,Software developers,47.0,software developer,34.0,web developer,94.0,database architect,94,software quality assurance tester,94.0,computer network architect,,,,,,,,,,,,,,,,,,,,,,,,,,,,,,,,,,,,,,,,,,,,,,,,,,,,,,,,,,,,,,,,,,,,,,,,,,,,,,,,,,,,,,,,,,,,,,,,,,,,,,,,,,,Software developers
dietitian,114,0.863,0.137,0.759,0.13,0.08199999999999999,0.145,Good,92,Dietitians and nutritionists,54.0,nutritionist,,,,,,,,,,,,,,,,,,,,,,,,,,,,,,,,,,,,,,,,,,,,,,,,,,,,,,,,,,,,,,,,,,,,,,,,,,,,,,,,,,,,,,,,,,,,,,,,,,,,,,,,,,,,,,,,,,,Dietitians and nutritionists
journalist,65,0.513,0.487,0.7490000000000001,0.132,0.08800000000000001,0.158,Overlap,21,"News analysts, reporters, and journalists",94.0,columnist,94.0,photojournalist,94.0,correspondent,,,,,,,,,,,,,,,,,,,,,,,,,,,,,,,,,,,,,,,,,,,,,,,,,,,,,,,,,,,,,,,,,,,,,,,,,,,,,,,,,,,,,,,,,,,,,,,,,,,,,,,,,,,,,,,"News analysts, reporters, and journalists"
coach,288,0.409,0.591,0.747,0.146,0.055999999999999994,0.14400000000000002,Overlap,54,Coaches and scouts,,,,,,,,,,,,,,,,,,,,,,,,,,,,,,,,,,,,,,,,,,,,,,,,,,,,,,,,,,,,,,,,,,,,,,,,,,,,,,,,,,,,,,,,,,,,,,,,,,,,,,,,,,,,,,,,,,,,,Coaches and scouts
technician,4040,0.38086608910891084,0.6191339108910892,0.790217821782178,0.10230321782178219,0.06401460396039604,0.17522252475247524,Good,92,"Electrical and electronic engineering technologists and technicians; Other engineering technologists and technicians, except drafters; Surveying and mapping technicians; Agricultural and food science technicians; Biological technicians; Chemical technicians; Environmental science and geoscience technicians; Nuclear technicians; Other life, physical, and social science technicians; Occupational health and safety specialists and technicians; Archivists, curators, and museum technicians; Library technicians; Broadcast, sound, and lighting technicians; Clinical laboratory technologists and technicians; Cardiovascular technologists and technicians; Radiologic technologists and technicians; Emergency medical technicians; Pharmacy technicians; Psychiatric technicians; Veterinary technologists and technicians; Dietetic technicians and ophthalmic medical technicians; Miscellaneous health technologists and technicians; Avionics technicians; Aircraft mechanics and service technicians; Automotive service technicians and mechanics; Heavy vehicle and mobile equipment service technicians and mechanics; Wind turbine service technicians; Prepress technicians and workers; Dental and ophthalmic laboratory technicians and medical appliance technicians",94.0,traffic technician,94.0,"life, science technician",94.0,automotive service technician,94,wind turbine service technician,94.0,chemical technician,54.0,pharmacy technician,54.0,health technician,54.0,radiologic technician,54.0,laboratory technician,94.0,dental laboratory technician,94.0,engineering technician,94.0,electrical and electronic engineering technician,94.0,environmental protection technician,94.0,environmental science technician,94.0,forest and conservation technician,94.0,recreational vehicle service technician,94.0,agricultural technician,94.0,aircraft mechanics and service technician,94.0,hydrologic technician,94.0,tadiologic technician,94.0,museum technician,94.0,biological technician,94.0,civil engineering technician,94.0,audio and video technician,94.0,psychiatric technician,94.0,food science technician,94.0,geological technician,94.0,industrial engineering technician,94.0,mechanical engineering technician,94.0,electro-mechanical and mechatronics technician,94.0,library technician,94.0,prepress technician,94.0,medical appliance technician,94.0,motorboat mechanics and service technician,94.0,emergency medical technician,94.0,medical technician,94.0,nuclear technician,94.0,forensic science technician,94.0,clinical laboratory technician,94.0,veterinary technician,94.0,surveying and mapping technician,94.0,farm equipment service technician,94.0,physical science technician,94.0,avionics technician,94.0,sound engineering technician,94.0,ophthalmic laboratory technician,94.0,calibration technician,94.0,broadcast technician,71.0,lab tech,94.0,ophthalmic medical technician,94.0,environmental engineering technician,94.0,semiconductor processing technician,94.0,medical equipment preparer,94.0,tire changer,94,psychiatric aide,,,,,,,"Electrical and electronic engineering technologists and technicians; Other engineering technologists and technicians, except drafters; Surveying and mapping technicians; Chemical technicians; Other life, physical, and social science technicians; Occupational health and safety specialists and technicians; Archivists, curators, and museum technicians; Broadcast, sound, and lighting technicians; Clinical laboratory technologists and technicians; Radiologic technologists and technicians; Emergency medical technicians; Pharmacy technicians; Psychiatric technicians; Veterinary technologists and technicians; Dietetic technicians and ophthalmic medical technicians; Miscellaneous health technologists and technicians; Aircraft mechanics and service technicians; Automotive service technicians and mechanics; Heavy vehicle and mobile equipment service technicians and mechanics; Dental and ophthalmic laboratory technicians and medical appliance technicians"
academic,2059,0.4986255463817387,0.5013744536182613,0.733671199611462,0.07725400679941719,0.1639650315687227,0.07949490043710539,Overlap,70,"Computer and information research scientists; Mathematicians; Statisticians; Agricultural and food scientists; Biological scientists; Conservation scientists and foresters; Medical scientists; Life scientists, all other; Astronomers and physicists; Atmospheric and space scientists; Chemists and materials scientists; Environmental scientists and specialists, including health; Geoscientists and hydrologists, except geographers; Physical scientists, all other; Economists; Survey researchers; Clinical and counseling psychologists; School psychologists; Other psychologists; Sociologists; Miscellaneous social scientists and related workers; Postsecondary teachers",70.0,sociologist,70.0,historian,70.0,linguist,94,scholar,94.0,naturalist,94.0,geographer,94.0,archeologist,94.0,anthropologist,94.0,philosopher,70.0,mathematician,,,,,,,,,,,,,,,,,,,,,,,,,,,,,,,,,,,,,,,,,,,,,,,,,,,,,,,,,,,,,,,,,,,,,,,,,,,,,,,,,,,,,,,,,,,,,,,,,"Biological scientists; Medical scientists; Chemists and materials scientists; Physical scientists, all other; School psychologists; Other psychologists; Miscellaneous social scientists and related workers; Postsecondary teachers"
auditor,1624,0.57,0.43000000000000005,0.7340000000000001,0.11900000000000001,0.127,0.085,Overlap,70,Accountants and auditors,,,,,,,,,,,,,,,,,,,,,,,,,,,,,,,,,,,,,,,,,,,,,,,,,,,,,,,,,,,,,,,,,,,,,,,,,,,,,,,,,,,,,,,,,,,,,,,,,,,,,,,,,,,,,,,,,,,,,Accountants and auditors
actor,50,0.47,0.53,0.7559999999999999,0.21,0.0,0.195,Good,70,Actors,,,,,,,,,,,,,,,,,,,,,,,,,,,,,,,,,,,,,,,,,,,,,,,,,,,,,,,,,,,,,,,,,,,,,,,,,,,,,,,,,,,,,,,,,,,,,,,,,,,,,,,,,,,,,,,,,,,,,Actors
realtor,1031,0.57,0.43000000000000005,0.8140000000000001,0.08800000000000001,0.066,0.11199999999999999,Good,70,Real estate brokers and sales agents,54.0,real estate broker,70.0,broker,94.0,real estate sales agent,,,,,,,,,,,,,,,,,,,,,,,,,,,,,,,,,,,,,,,,,,,,,,,,,,,,,,,,,,,,,,,,,,,,,,,,,,,,,,,,,,,,,,,,,,,,,,,,,,,,,,,,,,,,,,,Real estate brokers and sales agents
laborer,2223,0.045,0.955,0.84,0.091,0.013000000000000001,0.519,Good,70,Construction laborers,94.0,construction laborer,,,,,,,,,,,,,,,,,,,,,,,,,,,,,,,,,,,,,,,,,,,,,,,,,,,,,,,,,,,,,,,,,,,,,,,,,,,,,,,,,,,,,,,,,,,,,,,,,,,,,,,,,,,,,,,,,,,Construction laborers
firefighter,296,0.039,0.961,0.88,0.08,0.013000000000000001,0.16699999999999998,Good,54,Firefighters,,,,,,,,,,,,,,,,,,,,,,,,,,,,,,,,,,,,,,,,,,,,,,,,,,,,,,,,,,,,,,,,,,,,,,,,,,,,,,,,,,,,,,,,,,,,,,,,,,,,,,,,,,,,,,,,,,,,,Firefighters
technologist,1422,0.5664296765119551,0.43357032348804503,0.7649556962025316,0.11057102672292546,0.08309423347398032,0.12464345991561182,Good,no_source,"Clinical laboratory technologists and technicians; Cardiovascular technologists and technicians; Radiologic technologists and technicians; Magnetic resonance imaging technologists; Nuclear medicine technologists and medical dosimetrists; Surgical technologists; Veterinary technologists and technicians; Miscellaneous health technologists and technicians; Electrical and electronic engineering technologists and technicians; Other engineering technologists and technicians, except drafters",94.0,veterinary technologist,94.0,electro-mechanical and mechatronics technologist,94.0,radiologic technologist,94,food technologist,94.0,health technologist,94.0,surgical technologist,94.0,cardiovascular technologist,94.0,calibration technologist,94.0,health information technologist,94.0,nuclear medicine technologist,94.0,engineering technologist,94.0,civil engineering technologist,94.0,magnetic resonance imaging technologist,94.0,environmental engineering technologist,94.0,electrical and electronic engineering technologist,94.0,industrial engineering technologist,94.0,mechanical engineering technologist,,,,,,,,,,,,,,,,,,,,,,,,,,,,,,,,,,,,,,,,,,,,,,,,,,,,,,,,,,,,,,,,,,,,,,,,,,,,,,,,,,,"Clinical laboratory technologists and technicians; Radiologic technologists and technicians; Surgical technologists; Veterinary technologists and technicians; Miscellaneous health technologists and technicians; Electrical and electronic engineering technologists and technicians; Other engineering technologists and technicians, except drafters"
attendant,674,0.38133382789317505,0.618666172106825,0.7786557863501483,0.12634272997032642,0.05243768545994065,0.25679376854599406,Good,70,"Dining room and cafeteria attendants and bartender helpers; Ushers, lobby attendants, and ticket takers; Other entertainment attendants and related workers; Embalmers, crematory operators, and funeral attendants; Ambulance drivers and attendants, except emergency medical technicians; Parking attendants; Transportation service attendants; Passenger attendants",94.0,parking attendant,94.0,funeral attendant,94.0,amusement and recreation attendant,94,entertainment attendant,94.0,costume attendant,94.0,"locker room, coatroom, and dressing room attendant",94.0,aircraft service attendant,94.0,automotive and watercraft service attendant,94.0,booth cashier,,,,,,,,,,,,,,,,,,,,,,,,,,,,,,,,,,,,,,,,,,,,,,,,,,,,,,,,,,,,,,,,,,,,,,,,,,,,,,,,,,,,,,,,,,,,,,,,,,,Dining room and cafeteria attendants and bartender helpers; Other entertainment attendants and related workers; Parking attendants; Transportation service attendants
paramedic,107,0.295,0.7050000000000001,0.838,0.085,0.054000000000000006,0.076,Good,94,Paramedics,94.0,medic,,,,,,,,,,,,,,,,,,,,,,,,,,,,,,,,,,,,,,,,,,,,,,,,,,,,,,,,,,,,,,,,,,,,,,,,,,,,,,,,,,,,,,,,,,,,,,,,,,,,,,,,,,,,,,,,,,,Paramedics
caretaker,2106,0.8185555555555555,0.1814444444444445,0.5943888888888889,0.2655,0.09594444444444444,0.22588888888888886,Good,21,Personal care aides; Home health aides,94.0,personal care aide,94.0,caregiver,94.0,home health aide,94,personal care and service worker,,,,,,,,,,,,,,,,,,,,,,,,,,,,,,,,,,,,,,,,,,,,,,,,,,,,,,,,,,,,,,,,,,,,,,,,,,,,,,,,,,,,,,,,,,,,,,,,,,,,,,,,,,,,,Personal care aides; Home health aides
farmer,876,0.27399999999999997,0.726,0.9620000000000001,0.013999999999999999,0.008,0.064,Good,21,"Farmers, ranchers, and other agricultural managers",,,,,,,,,,,,,,,,,,,,,,,,,,,,,,,,,,,,,,,,,,,,,,,,,,,,,,,,,,,,,,,,,,,,,,,,,,,,,,,,,,,,,,,,,,,,,,,,,,,,,,,,,,,,,,,,,,,,,"Farmers, ranchers, and other agricultural managers"
garbage collector,112,0.128,0.872,0.792,0.171,0.003,0.337,Good,21,Refuse and recyclable material collectors,94.0,refuse and recyclable material collector,,,,,,,,,,,,,,,,,,,,,,,,,,,,,,,,,,,,,,,,,,,,,,,,,,,,,,,,,,,,,,,,,,,,,,,,,,,,,,,,,,,,,,,,,,,,,,,,,,,,,,,,,,,,,,,,,,,Refuse and recyclable material collectors
fast food worker,885,0.6629999999999999,0.3370000000000001,0.7759999999999999,0.1,0.052000000000000005,0.24600000000000002,Good,54,Fast food and counter workers,94.0,fast food and counter worker,,,,,,,,,,,,,,,,,,,,,,,,,,,,,,,,,,,,,,,,,,,,,,,,,,,,,,,,,,,,,,,,,,,,,,,,,,,,,,,,,,,,,,,,,,,,,,,,,,,,,,,,,,,,,,,,,,,Fast food and counter workers
clerk,6456,0.758673946716233,0.24132605328376705,0.7784352540272615,0.12989219330855017,0.05543602850061958,0.19682140644361834,Good,21,"Judicial law clerks; Counter and rental clerks; Billing and posting clerks; Bookkeeping, accounting, and auditing clerks; Payroll and timekeeping clerks; Procurement clerks; Financial clerks, all other; Brokerage clerks; Correspondence clerks; Court, municipal, and license clerks; Credit authorizers, checkers, and clerks; File Clerks; Hotel, motel, and resort desk clerks; Loan interviewers and clerks; New accounts clerks; Order clerks; Receptionists and information clerks; Reservation and transportation ticket agents and travel clerks; Information and record clerks, all other; Postal service clerks; Production, planning, and expediting clerks; Shipping, receiving, and inventory clerks; Insurance claims and policy processing clerks; Mail clerks and mail machine operators, except postal service; Office clerks, general",54.0,file clerk,54.0,payroll clerk,54.0,inventory clerk,54,office clerk,94.0,"hotel, motel, and resort desk clerk",94.0,"shipping, receiving, and inventory clerk",94.0,postal service clerk,94.0,billing and posting clerk,94.0,license clerk,94.0,financial clerk,94.0,counter and rental clerk,94.0,mail clerk,94.0,policy processing clerk,94.0,brokerage clerk,94.0,order clerk,94.0,procurement clerk,94.0,travel clerk,94.0,information and record clerk,94.0,court clerk,94.0,information clerk,94.0,insurance claims clerk,94.0,judicial law clerk,94.0,municipal clerk,94.0,correspondence clerk,,,,,,,,,,,,,,,,,,,,,,,,,,,,,,,,,,,,,,,,,,,,,,,,,,,,,,,,,,,,,,,,,,,,,"Counter and rental clerks; Billing and posting clerks; Bookkeeping, accounting, and auditing clerks; Payroll and timekeeping clerks; Financial clerks, all other; Court, municipal, and license clerks; File Clerks; Hotel, motel, and resort desk clerks; Loan interviewers and clerks; Order clerks; Receptionists and information clerks; Reservation and transportation ticket agents and travel clerks; Information and record clerks, all other; Postal service clerks; Production, planning, and expediting clerks; Shipping, receiving, and inventory clerks; Insurance claims and policy processing clerks; Office clerks, general"
repair worker,672,0.047,0.953,0.7959999999999999,0.122,0.036000000000000004,0.24,Good,54,"Maintenance and repair workers, general",94.0,signal and track switch repairer,94.0,electrical and electronics repairer,94.0,telecommunications line repairer,94,electric motor repairer,94.0,home appliance repairer,94.0,shoe and leather repairer,94.0,electrical power-line repairer,94.0,computer repairer,94.0,power tool repairer,94.0,tire repairer,94.0,bicycle repairer,94.0,precision instrument and equipment repairer,94.0,office machine repairer,94.0,audiovisual equipment repairer,94.0,automotive body and related repairer,94.0,"radio, cellular, and tower equipment repairer",94.0,mechanical door repairer,94.0,elevator and escalator repairer,94.0,telecommunications equipment repairer,94.0,camera and photographic equipment repairer,94.0,musical instrument repairer,94.0,refractory materials repairer,94.0,control and valve repairer,94.0,medical equipment repairer,94.0,automated teller repairer,94.0,vending machine servicer,94.0,coin machine servicer,94.0,amusement machine servicer,,,,,,,,,,,,,,,,,,,,,,,,,,,,,,,,,,,,,,,,,,,,,,,,,,,,,,,,,,,,,"Maintenance and repair workers, general"
clergy,403,0.214,0.786,0.8029999999999999,0.095,0.07400000000000001,0.075,Good,54,Clergy,70.0,priest,94.0,religious worker,94.0,minister,,,,,,,,,,,,,,,,,,,,,,,,,,,,,,,,,,,,,,,,,,,,,,,,,,,,,,,,,,,,,,,,,,,,,,,,,,,,,,,,,,,,,,,,,,,,,,,,,,,,,,,,,,,,,,,Clergy
teller,204,0.789,0.21099999999999997,0.753,0.154,0.043,0.162,Good,54,Tellers,,,,,,,,,,,,,,,,,,,,,,,,,,,,,,,,,,,,,,,,,,,,,,,,,,,,,,,,,,,,,,,,,,,,,,,,,,,,,,,,,,,,,,,,,,,,,,,,,,,,,,,,,,,,,,,,,,,,,Tellers
librarian,146,0.825,0.17500000000000004,0.812,0.07,0.055,0.111,Good,54,Librarians and media collections specialists,21.0,library assistant,94.0,library worker,94.0,media collections specialist,,,,,,,,,,,,,,,,,,,,,,,,,,,,,,,,,,,,,,,,,,,,,,,,,,,,,,,,,,,,,,,,,,,,,,,,,,,,,,,,,,,,,,,,,,,,,,,,,,,,,,,,,,,,,,,Librarians and media collections specialists
film editor,148,0.188,0.812,0.72,0.125,0.063,0.168,Overlap,94,"Television, video, and film camera operators and editors",,,,,,,,,,,,,,,,,,,,,,,,,,,,,,,,,,,,,,,,,,,,,,,,,,,,,,,,,,,,,,,,,,,,,,,,,,,,,,,,,,,,,,,,,,,,,,,,,,,,,,,,,,,,,,,,,,,,,"Television, video, and film camera operators and editors"
teaching assistant,1426,0.795,0.20499999999999996,0.737,0.12300000000000001,0.09699999999999999,0.16899999999999998,Good,54,Teaching assistants,94.0,grader,,,,,,,,,,,,,,,,,,,,,,,,,,,,,,,,,,,,,,,,,,,,,,,,,,,,,,,,,,,,,,,,,,,,,,,,,,,,,,,,,,,,,,,,,,,,,,,,,,,,,,,,,,,,,,,,,,,Teaching assistants
physician assistant,178,0.688,0.31200000000000006,0.8420000000000001,0.048,0.064,0.075,Good,94,Physician assistants,,,,,,,,,,,,,,,,,,,,,,,,,,,,,,,,,,,,,,,,,,,,,,,,,,,,,,,,,,,,,,,,,,,,,,,,,,,,,,,,,,,,,,,,,,,,,,,,,,,,,,,,,,,,,,,,,,,,,Physician assistants
social worker,843,0.8388718861209965,0.1611281138790035,0.6982645314353499,0.23954804270462632,0.03193594306049822,0.1709976275207592,Good,54,"Child, family, and school social workers; Healthcare social workers; Mental health and substance abuse social workers; Social workers, all other",54.0,social assistant,94.0,healthcare social worker,94.0,mental health and substance abuse social worker,94,"child, family, and school social worker",94.0,community and social service specialist,,,,,,,,,,,,,,,,,,,,,,,,,,,,,,,,,,,,,,,,,,,,,,,,,,,,,,,,,,,,,,,,,,,,,,,,,,,,,,,,,,,,,,,,,,,,,,,,,,,,,,,,,,,"Child, family, and school social workers; Healthcare social workers; Social workers, all other"
janitor,2204,0.387,0.613,0.762,0.16699999999999998,0.026000000000000002,0.35100000000000003,Good,54,Janitors and building cleaners,71.0,custodian,94.0,building cleaning worker,54.0,cleaner,94,housekeeping cleaner,,,,,,,,,,,,,,,,,,,,,,,,,,,,,,,,,,,,,,,,,,,,,,,,,,,,,,,,,,,,,,,,,,,,,,,,,,,,,,,,,,,,,,,,,,,,,,,,,,,,,,,,,,,,,Janitors and building cleaners
mail carrier,302,0.34700000000000003,0.653,0.693,0.21899999999999997,0.057,0.133,Good,71,Postal service mail carriers,54.0,postal worker,54.0,courier,94.0,mail machine operator,94,postal service mail carrier,94.0,postal service mail sorter,94.0,postal service mail processor,,,,,,,,,,,,,,,,,,,,,,,,,,,,,,,,,,,,,,,,,,,,,,,,,,,,,,,,,,,,,,,,,,,,,,,,,,,,,,,,,,,,,,,,,,,,,,,,,,,,,,,,,Postal service mail carriers
detective,145,0.263,0.737,0.773,0.16699999999999998,0.023,0.09699999999999999,Good,54,Detectives and criminal investigators,94.0,searcher,,,,,,,,,,,,,,,,,,,,,,,,,,,,,,,,,,,,,,,,,,,,,,,,,,,,,,,,,,,,,,,,,,,,,,,,,,,,,,,,,,,,,,,,,,,,,,,,,,,,,,,,,,,,,,,,,,,Detectives and criminal investigators
mechanic,2644,0.02658320726172466,0.9734167927382753,0.8523540090771559,0.08129349470499243,0.027254538577912258,0.23703177004538578,Good,54,"Aircraft mechanics and service technicians; Automotive service technicians and mechanics; Bus and truck mechanics and diesel engine specialists; Heavy vehicle and mobile equipment service technicians and mechanics; Small engine mechanics; Miscellaneous vehicle and mobile equipment mechanics, installers, and repairers; Heating, air conditioning, and refrigeration mechanics and installers; Industrial and refractory machinery mechanics",94.0,bus and truck mechanics and diesel engine specialist,54.0,plane mechanic,54.0,machinery mechanic,94,outdoor power equipment mechanic,94.0,farm equipment mechanic,94.0,automotive mechanic,94.0,industrial machinery mechanic,,,,,,,,,,,,,,,,,,,,,,,,,,,,,,,,,,,,,,,,,,,,,,,,,,,,,,,,,,,,,,,,,,,,,,,,,,,,,,,,,,,,,,,,,,,,,,,,,,,,,,,"Aircraft mechanics and service technicians; Automotive service technicians and mechanics; Bus and truck mechanics and diesel engine specialists; Heavy vehicle and mobile equipment service technicians and mechanics; Miscellaneous vehicle and mobile equipment mechanics, installers, and repairers; Heating, air conditioning, and refrigeration mechanics and installers; Industrial and refractory machinery mechanics"
manager,20906,0.419,0.581,0.809,0.092,0.07,0.121,Good,21,Management occupations,54.0,financial manager,54.0,facilities manager,54.0,community manager,54,sales manager,54.0,marketing manager,94.0,public relations manager,94.0,food service manager,94.0,development manager,94.0,"transportation, storage, and distribution manager",94.0,computer and information systems manager,94.0,natural sciences manager,94.0,gambling manager,94.0,fundraising manager,94.0,general and operations manager,94.0,agricultural manager,94.0,lodging manager,94.0,advertising and promotions manager,94.0,health services manager,94.0,architectural and engineering manager,94.0,real estate manager,94.0,entertainment and recreation manager,94.0,purchasing manager,94.0,social and community service manager,94.0,human resources manager,94.0,construction manager,94.0,business manager,94.0,personal service manager,94.0,training manager,94.0,administrative services manager,54.0,supervisor,94.0,mail superintendent,94.0,compensation and benefits manager,94.0,community association manager,94.0,aircraft cargo handling supervisor,,,,,,,,,,,,,,,,,,,,,,,,,,,,,,,,,,,,,,,,,,,,,,,,,Management occupations
tour guide,55,0.48200000000000004,0.518,0.8540000000000001,0.036000000000000004,0.08,0.091,Good,94,Tour and travel guides,,,,,,,,,,,,,,,,,,,,,,,,,,,,,,,,,,,,,,,,,,,,,,,,,,,,,,,,,,,,,,,,,,,,,,,,,,,,,,,,,,,,,,,,,,,,,,,,,,,,,,,,,,,,,,,,,,,,,Tour and travel guides
jeweler,58,0.46,0.54,0.778,0.049,0.10800000000000001,0.293,Good,21,Jewelers and precious stone and metal workers,,,,,,,,,,,,,,,,,,,,,,,,,,,,,,,,,,,,,,,,,,,,,,,,,,,,,,,,,,,,,,,,,,,,,,,,,,,,,,,,,,,,,,,,,,,,,,,,,,,,,,,,,,,,,,,,,,,,,Jewelers and precious stone and metal workers
network administrator,202,0.16699999999999998,0.833,0.732,0.086,0.147,0.11599999999999999,Good,54,Network and computer systems administrators,94.0,network and computer systems administrator,94.0,computer network support specialist,,,,,,,,,,,,,,,,,,,,,,,,,,,,,,,,,,,,,,,,,,,,,,,,,,,,,,,,,,,,,,,,,,,,,,,,,,,,,,,,,,,,,,,,,,,,,,,,,,,,,,,,,,,,,,,,,Network and computer systems administrators
reporter,65,0.513,0.487,0.7490000000000001,0.132,0.08800000000000001,0.158,Overlap,92,"News analysts, reporters, and journalists",,,,,,,,,,,,,,,,,,,,,,,,,,,,,,,,,,,,,,,,,,,,,,,,,,,,,,,,,,,,,,,,,,,,,,,,,,,,,,,,,,,,,,,,,,,,,,,,,,,,,,,,,,,,,,,,,,,,,"News analysts, reporters, and journalists"
taxi driver,456,0.153,0.847,0.525,0.249,0.195,0.239,Good,54,Taxi drivers,94.0,cab driver,94.0,cabbie,,,,,,,,,,,,,,,,,,,,,,,,,,,,,,,,,,,,,,,,,,,,,,,,,,,,,,,,,,,,,,,,,,,,,,,,,,,,,,,,,,,,,,,,,,,,,,,,,,,,,,,,,,,,,,,,,Taxi drivers
producer,167,0.436,0.5640000000000001,0.804,0.121,0.053,0.11,Good,54,Producers and directors,,,,,,,,,,,,,,,,,,,,,,,,,,,,,,,,,,,,,,,,,,,,,,,,,,,,,,,,,,,,,,,,,,,,,,,,,,,,,,,,,,,,,,,,,,,,,,,,,,,,,,,,,,,,,,,,,,,,,Producers and directors
host,327,0.865,0.135,0.8059999999999999,0.08199999999999999,0.051,0.259,Good,54,"Hosts and hostesses, restaurant, lounge, and coffee shop",,,,,,,,,,,,,,,,,,,,,,,,,,,,,,,,,,,,,,,,,,,,,,,,,,,,,,,,,,,,,,,,,,,,,,,,,,,,,,,,,,,,,,,,,,,,,,,,,,,,,,,,,,,,,,,,,,,,,"Hosts and hostesses, restaurant, lounge, and coffee shop"
security guard,925,0.249,0.751,0.53,0.361,0.044000000000000004,0.20199999999999999,Good,54,Security guards and gambling surveillance officers,,,,,,,,,,,,,,,,,,,,,,,,,,,,,,,,,,,,,,,,,,,,,,,,,,,,,,,,,,,,,,,,,,,,,,,,,,,,,,,,,,,,,,,,,,,,,,,,,,,,,,,,,,,,,,,,,,,,,Security guards and gambling surveillance officers
carpenter,1275,0.031,0.969,0.89,0.052000000000000005,0.013000000000000001,0.442,Good,54,Carpenters,94.0,bench carpenter,94.0,cabinetmaker,94.0,upholsterer,94,furniture finisher,94.0,furnishings worker,,,,,,,,,,,,,,,,,,,,,,,,,,,,,,,,,,,,,,,,,,,,,,,,,,,,,,,,,,,,,,,,,,,,,,,,,,,,,,,,,,,,,,,,,,,,,,,,,,,,,,,,,,,Carpenters
interviewer,205,0.7959999999999999,0.20400000000000007,0.623,0.252,0.03,0.249,Good,54,"Interviewers, except eligibility and loan",,,,,,,,,,,,,,,,,,,,,,,,,,,,,,,,,,,,,,,,,,,,,,,,,,,,,,,,,,,,,,,,,,,,,,,,,,,,,,,,,,,,,,,,,,,,,,,,,,,,,,,,,,,,,,,,,,,,,"Interviewers, except eligibility and loan"
businessperson,3139,0.33414112774769034,0.6658588722523097,0.8450117871933738,0.0658540936604014,0.06650589359668684,0.09200700860146543,Overlap,70,Chief executives; General and operations managers,,,,,,,,,,,,,,,,,,,,,,,,,,,,,,,,,,,,,,,,,,,,,,,,,,,,,,,,,,,,,,,,,,,,,,,,,,,,,,,,,,,,,,,,,,,,,,,,,,,,,,,,,,,,,,,,,,,,,Chief executives; General and operations managers
business operations specialist,531,0.5770000000000001,0.42299999999999993,0.733,0.127,0.077,0.141,Good,94,"Business operations specialists, all other",,,,,,,,,,,,,,,,,,,,,,,,,,,,,,,,,,,,,,,,,,,,,,,,,,,,,,,,,,,,,,,,,,,,,,,,,,,,,,,,,,,,,,,,,,,,,,,,,,,,,,,,,,,,,,,,,,,,,"Business operations specialists, all other"
street vendor,73,0.5429999999999999,0.4570000000000001,0.7140000000000001,0.154,0.027000000000000003,0.243,Overlap,94,"Door-to-door sales workers, news and street vendors, and related workers",,,,,,,,,,,,,,,,,,,,,,,,,,,,,,,,,,,,,,,,,,,,,,,,,,,,,,,,,,,,,,,,,,,,,,,,,,,,,,,,,,,,,,,,,,,,,,,,,,,,,,,,,,,,,,,,,,,,,"Door-to-door sales workers, news and street vendors, and related workers"
rancher,876,0.27399999999999997,0.726,0.9620000000000001,0.013999999999999999,0.008,0.064,Overlap,94,"Farmers, ranchers, and other agricultural managers",,,,,,,,,,,,,,,,,,,,,,,,,,,,,,,,,,,,,,,,,,,,,,,,,,,,,,,,,,,,,,,,,,,,,,,,,,,,,,,,,,,,,,,,,,,,,,,,,,,,,,,,,,,,,,,,,,,,,"Farmers, ranchers, and other agricultural managers"
counselor,991,0.7626034308779011,0.2373965691220989,0.7423501513622603,0.187686175580222,0.03320181634712412,0.13935923309788092,Good,70,"Substance abuse and behavioral disorder counselors; Educational, guidance, and career counselors and advisors; Mental health counselors; Rehabilitation counselors; Counselors, all other",54.0,mental health counselor,94.0,"educational, guidance, and career counselor",94.0,substance abuse counselor,94,genetic counselor,94.0,guidance counselor,94.0,behavioral disorder counselor,21.0,career counselor,94.0,counseling psychologist,94.0,industrial-organizational psychologist,94.0,mediator,94.0,conciliator,,,,,,,,,,,,,,,,,,,,,,,,,,,,,,,,,,,,,,,,,,,,,,,,,,,,,,,,,,,,,,,,,,,,,,,,,,,,,,,,,,,,,,,,,,,,,,,"Substance abuse and behavioral disorder counselors; Educational, guidance, and career counselors and advisors; Mental health counselors; Counselors, all other"
pr person,140,0.762,0.238,0.805,0.11199999999999999,0.034,0.078,Good,71,Public relations specialists,54.0,public relations specialist,94.0,publicist,,,,,,,,,,,,,,,,,,,,,,,,,,,,,,,,,,,,,,,,,,,,,,,,,,,,,,,,,,,,,,,,,,,,,,,,,,,,,,,,,,,,,,,,,,,,,,,,,,,,,,,,,,,,,,,,,Public relations specialists
customer service representative,2822,0.653,0.347,0.72,0.182,0.053,0.198,Good,54,Customer service representatives,33.0,customer support specialist,,,,,,,,,,,,,,,,,,,,,,,,,,,,,,,,,,,,,,,,,,,,,,,,,,,,,,,,,,,,,,,,,,,,,,,,,,,,,,,,,,,,,,,,,,,,,,,,,,,,,,,,,,,,,,,,,,,Customer service representatives
dishwasher,268,0.231,0.769,0.731,0.145,0.04,0.379,Good,54,Dishwashers,,,,,,,,,,,,,,,,,,,,,,,,,,,,,,,,,,,,,,,,,,,,,,,,,,,,,,,,,,,,,,,,,,,,,,,,,,,,,,,,,,,,,,,,,,,,,,,,,,,,,,,,,,,,,,,,,,,,,Dishwashers
metal worker,546,0.20150732600732602,0.798492673992674,0.76946336996337,0.13402014652014652,0.06454945054945055,0.20994139194139194,Good,54,Structural iron and steel workers; Reinforcing iron and rebar workers; Sheet metal workers; Structural metal fabricators and fitters; Other metal workers and plastic workers; Jewelers and precious stone and metal workers,54.0,sheet metal worker,94.0,structural metal fabricator,94.0,reinforcing iron and rebar worker,94,structural iron and steel worker,94.0,structural metal fitter,94.0,metal-refining furnace tender,,,,,,,,,,,,,,,,,,,,,,,,,,,,,,,,,,,,,,,,,,,,,,,,,,,,,,,,,,,,,,,,,,,,,,,,,,,,,,,,,,,,,,,,,,,,,,,,,,,,,,,,,Sheet metal workers; Other metal workers and plastic workers; Jewelers and precious stone and metal workers
solderer,559,0.057999999999999996,0.942,0.826,0.111,0.023,0.264,Good,94,"Welding, soldering, and brazing workers",,,,,,,,,,,,,,,,,,,,,,,,,,,,,,,,,,,,,,,,,,,,,,,,,,,,,,,,,,,,,,,,,,,,,,,,,,,,,,,,,,,,,,,,,,,,,,,,,,,,,,,,,,,,,,,,,,,,,"Welding, soldering, and brazing workers"
sorter,793,0.39,0.61,0.745,0.135,0.069,0.17800000000000002,Good,94,"Inspectors, testers, sorters, samplers, and weighers",,,,,,,,,,,,,,,,,,,,,,,,,,,,,,,,,,,,,,,,,,,,,,,,,,,,,,,,,,,,,,,,,,,,,,,,,,,,,,,,,,,,,,,,,,,,,,,,,,,,,,,,,,,,,,,,,,,,,"Inspectors, testers, sorters, samplers, and weighers"
florist,63,0.8909999999999999,0.1090000000000001,0.946,0.027000000000000003,0.011000000000000001,0.276,Good,94,Floral designers,,,,,,,,,,,,,,,,,,,,,,,,,,,,,,,,,,,,,,,,,,,,,,,,,,,,,,,,,,,,,,,,,,,,,,,,,,,,,,,,,,,,,,,,,,,,,,,,,,,,,,,,,,,,,,,,,,,,,Floral designers
fundraiser,102,0.7490000000000001,0.2509999999999999,0.889,0.048,0.031,0.084,Good,94,Fundraisers,,,,,,,,,,,,,,,,,,,,,,,,,,,,,,,,,,,,,,,,,,,,,,,,,,,,,,,,,,,,,,,,,,,,,,,,,,,,,,,,,,,,,,,,,,,,,,,,,,,,,,,,,,,,,,,,,,,,,Fundraisers
tax collector,71,0.608,0.392,0.785,0.149,0.045,0.11800000000000001,Good,94,"Tax examiners and collectors, and revenue agents",94.0,revenue agent,,,,,,,,,,,,,,,,,,,,,,,,,,,,,,,,,,,,,,,,,,,,,,,,,,,,,,,,,,,,,,,,,,,,,,,,,,,,,,,,,,,,,,,,,,,,,,,,,,,,,,,,,,,,,,,,,,,"Tax examiners and collectors, and revenue agents"
highway maintenance worker,93,0.022000000000000002,0.978,0.843,0.11,0.026000000000000002,0.20800000000000002,Good,94,Highway maintenance workers,,,,,,,,,,,,,,,,,,,,,,,,,,,,,,,,,,,,,,,,,,,,,,,,,,,,,,,,,,,,,,,,,,,,,,,,,,,,,,,,,,,,,,,,,,,,,,,,,,,,,,,,,,,,,,,,,,,,,Highway maintenance workers
archivist,76,0.632,0.368,0.768,0.079,0.084,0.09,Good,94,"Archivists, curators, and museum technicians",,,,,,,,,,,,,,,,,,,,,,,,,,,,,,,,,,,,,,,,,,,,,,,,,,,,,,,,,,,,,,,,,,,,,,,,,,,,,,,,,,,,,,,,,,,,,,,,,,,,,,,,,,,,,,,,,,,,,"Archivists, curators, and museum technicians"
childcare worker,1036,0.938,0.062000000000000055,0.765,0.158,0.038,0.259,Good,54,Childcare workers,,,,,,,,,,,,,,,,,,,,,,,,,,,,,,,,,,,,,,,,,,,,,,,,,,,,,,,,,,,,,,,,,,,,,,,,,,,,,,,,,,,,,,,,,,,,,,,,,,,,,,,,,,,,,,,,,,,,,Childcare workers
correctional officer,300,0.33899999999999997,0.661,0.645,0.271,0.035,0.128,Good,54,Correctional officers and jailers,54.0,jailer,94.0,correctional treatment specialist,94.0,probation officer,,,,,,,,,,,,,,,,,,,,,,,,,,,,,,,,,,,,,,,,,,,,,,,,,,,,,,,,,,,,,,,,,,,,,,,,,,,,,,,,,,,,,,,,,,,,,,,,,,,,,,,,,,,,,,,Correctional officers and jailers
insurance agent,632,0.5489999999999999,0.45100000000000007,0.8059999999999999,0.133,0.040999999999999995,0.182,Good,54,Insurance sales agents,94.0,insurance appraiser,,,,,,,,,,,,,,,,,,,,,,,,,,,,,,,,,,,,,,,,,,,,,,,,,,,,,,,,,,,,,,,,,,,,,,,,,,,,,,,,,,,,,,,,,,,,,,,,,,,,,,,,,,,,,,,,,,,Insurance sales agents
construction worker,2223,0.045,0.955,0.84,0.091,0.013000000000000001,0.519,Good,54,Construction laborers,94.0,construction and related worker,54.0,roofer,94.0,floor finisher,94,roof bolter,94.0,painting worker,94.0,fence erector,94.0,tile and stone setter,94.0,floor layer,94.0,insulation worker,94.0,terrazzo worker,94.0,terrazzo finisher,94.0,concrete finisher,94.0,floor sander,94.0,plasterer,94.0,paperhanger,,,,,,,,,,,,,,,,,,,,,,,,,,,,,,,,,,,,,,,,,,,,,,,,,,,,,,,,,,,,,,,,,,,,,,,,,,,,,,,,,,,,,,,Construction laborers
flagger,51,0.5579999999999999,0.44200000000000006,0.74,0.2,0.042,0.107,Good,94,Crossing guards and flaggers,,,,,,,,,,,,,,,,,,,,,,,,,,,,,,,,,,,,,,,,,,,,,,,,,,,,,,,,,,,,,,,,,,,,,,,,,,,,,,,,,,,,,,,,,,,,,,,,,,,,,,,,,,,,,,,,,,,,,Crossing guards and flaggers
packager,690,0.517,0.483,0.618,0.258,0.063,0.353,Overlap,94,"Packers and packagers, hand",,,,,,,,,,,,,,,,,,,,,,,,,,,,,,,,,,,,,,,,,,,,,,,,,,,,,,,,,,,,,,,,,,,,,,,,,,,,,,,,,,,,,,,,,,,,,,,,,,,,,,,,,,,,,,,,,,,,,"Packers and packagers, hand"
mason,173,0.025358381502890173,0.9746416184971098,0.9210520231213875,0.013589595375722545,0.0,0.505,Good,no_source,"Brickmasons, blockmasons, and stonemasons; Cement masons, concrete finishers, and terrazzo workers; Plasterers and stucco masons",94.0,stonemason,94.0,cement mason,94.0,blockmason,94,brickmason,94.0,stucco mason,94.0,precious stone and metal worker,94.0,fabric and apparel patternmaker,,,,,,,,,,,,,,,,,,,,,,,,,,,,,,,,,,,,,,,,,,,,,,,,,,,,,,,,,,,,,,,,,,,,,,,,,,,,,,,,,,,,,,,,,,,,,,,,,,,,,,,"Brickmasons, blockmasons, and stonemasons; Cement masons, concrete finishers, and terrazzo workers"
textile worker,51,0.8140000000000001,0.18599999999999994,0.799,0.063,0.125,0.28600000000000003,Overlap,94,"Tailors, dressmakers, and sewers",104.0,sewist,94.0,custom sewer,94.0,sewing machine operator,94,dressmaker,,,,,,,,,,,,,,,,,,,,,,,,,,,,,,,,,,,,,,,,,,,,,,,,,,,,,,,,,,,,,,,,,,,,,,,,,,,,,,,,,,,,,,,,,,,,,,,,,,,,,,,,,,,,,"Tailors, dressmakers, and sewers"
manicurist,324,0.835,0.16500000000000004,0.23800000000000002,0.064,0.648,0.13699999999999998,Good,54,Manicurists and pedicurists,94.0,pedicurist,,,,,,,,,,,,,,,,,,,,,,,,,,,,,,,,,,,,,,,,,,,,,,,,,,,,,,,,,,,,,,,,,,,,,,,,,,,,,,,,,,,,,,,,,,,,,,,,,,,,,,,,,,,,,,,,,,,Manicurists and pedicurists
maid,1380,0.884,0.11599999999999999,0.74,0.161,0.043,0.519,Good,54,Maids and housekeeping cleaners,,,,,,,,,,,,,,,,,,,,,,,,,,,,,,,,,,,,,,,,,,,,,,,,,,,,,,,,,,,,,,,,,,,,,,,,,,,,,,,,,,,,,,,,,,,,,,,,,,,,,,,,,,,,,,,,,,,,,Maids and housekeeping cleaners
inspector,908,0.3539041850220265,0.6460958149779736,0.7531057268722468,0.12980726872246698,0.06710022026431718,0.18154625550660794,Good,94,"Fire inspectors; Agricultural inspectors; Construction and building inspectors; Inspectors, testers, sorters, samplers, and weighers; Transportation inspectors",71.0,building inspector,94.0,fire inspector,94.0,agricultural inspector,94,forest fire inspector,,,,,,,,,,,,,,,,,,,,,,,,,,,,,,,,,,,,,,,,,,,,,,,,,,,,,,,,,,,,,,,,,,,,,,,,,,,,,,,,,,,,,,,,,,,,,,,,,,,,,,,,,,,,,"Construction and building inspectors; Inspectors, testers, sorters, samplers, and weighers"
bookkeeper,1210,0.862,0.138,0.8390000000000001,0.07200000000000001,0.057999999999999996,0.159,Good,94,"Bookkeeping, accounting, and auditing clerks",,,,,,,,,,,,,,,,,,,,,,,,,,,,,,,,,,,,,,,,,,,,,,,,,,,,,,,,,,,,,,,,,,,,,,,,,,,,,,,,,,,,,,,,,,,,,,,,,,,,,,,,,,,,,,,,,,,,,"Bookkeeping, accounting, and auditing clerks"
pest control worker,90,0.051,0.949,0.847,0.092,0.017,0.21600000000000003,Good,94,Pest control workers,94.0,pesticide applicator,94.0,pesticide sprayer,94.0,pesticide handler,,,,,,,,,,,,,,,,,,,,,,,,,,,,,,,,,,,,,,,,,,,,,,,,,,,,,,,,,,,,,,,,,,,,,,,,,,,,,,,,,,,,,,,,,,,,,,,,,,,,,,,,,,,,,,,Pest control workers
sampler,860,0.39755697674418605,0.602443023255814,0.745856976744186,0.136246511627907,0.06362441860465116,0.18945232558139535,Good,94,"Inspectors, testers, sorters, samplers, and weighers; Weighers, measurers, checkers, and samplers, recordkeeping",,,,,,,,,,,,,,,,,,,,,,,,,,,,,,,,,,,,,,,,,,,,,,,,,,,,,,,,,,,,,,,,,,,,,,,,,,,,,,,,,,,,,,,,,,,,,,,,,,,,,,,,,,,,,,,,,,,,,"Inspectors, testers, sorters, samplers, and weighers; Weighers, measurers, checkers, and samplers, recordkeeping"
animal caretaker,361,0.76,0.24,0.878,0.06,0.013000000000000001,0.165,Good,94,Animal caretakers,94.0,laboratory animal caretaker,,,,,,,,,,,,,,,,,,,,,,,,,,,,,,,,,,,,,,,,,,,,,,,,,,,,,,,,,,,,,,,,,,,,,,,,,,,,,,,,,,,,,,,,,,,,,,,,,,,,,,,,,,,,,,,,,,,Animal caretakers
financial advisor,506,0.326,0.6739999999999999,0.86,0.064,0.063,0.086,Good,54,Personal financial advisors,94.0,personal financial advisor,94.0,financial specialist,94.0,financial risk specialist,54,credit counselor,,,,,,,,,,,,,,,,,,,,,,,,,,,,,,,,,,,,,,,,,,,,,,,,,,,,,,,,,,,,,,,,,,,,,,,,,,,,,,,,,,,,,,,,,,,,,,,,,,,,,,,,,,,,,Personal financial advisors
"educational, guidance, and career advisor",384,0.792,0.20799999999999996,0.76,0.172,0.025,0.141,Good,94,"Educational, guidance, and career counselors and advisors",,,,,,,,,,,,,,,,,,,,,,,,,,,,,,,,,,,,,,,,,,,,,,,,,,,,,,,,,,,,,,,,,,,,,,,,,,,,,,,,,,,,,,,,,,,,,,,,,,,,,,,,,,,,,,,,,,,,,"Educational, guidance, and career counselors and advisors"
analyst,2989,0.45630980260956844,0.5436901973904317,0.7424529943124791,0.09730879892940783,0.1269334225493476,0.088547674807628,Good,70,"Management analysts; Market research analysts and marketing specialists; Budget analysts; Credit analysts; Financial and investment analysts; Computer systems analysts; Information security analysts; Software quality assurance analysts and testers; Operations research analysts; News analysts, reporters, and journalists",54.0,market research analyst,54.0,financial analyst,54.0,computer systems analyst,94,information security analyst,94.0,software quality assurance analyst,94.0,budget analyst,94.0,credit analyst,94.0,"compensation, benefits, and job analysis specialist",94.0,management analyst,94.0,news analyst,94.0,investment analyst,94.0,operations research analyst,,,,,,,,,,,,,,,,,,,,,,,,,,,,,,,,,,,,,,,,,,,,,,,,,,,,,,,,,,,,,,,,,,,,,,,,,,,,,,,,,,,,,,,,,,,,,"Management analysts; Market research analysts and marketing specialists; Financial and investment analysts; Computer systems analysts; Information security analysts; Software quality assurance analysts and testers; Operations research analysts; News analysts, reporters, and journalists"
installer,1508,0.0363368700265252,0.9636631299734747,0.8623302387267905,0.08814854111405837,0.012175066312997349,0.30481299734748013,Good,no_source,"Carpet, floor, and tile installers and finishers; Drywall installers, ceiling tile installers, and tapers; Solar photovoltaic installers; Elevator and escalator installers and repairers; Radio and telecommunications equipment installers and repairers; Electrical and electronics installers and repairers, transportation equipment; Electronic equipment installers and repairers, motor vehicles; Audiovisual equipment installers and repairers; Security and fire alarm systems installers; Automotive glass installers and repairers; Miscellaneous vehicle and mobile equipment mechanics, installers, and repairers; Control and valve installers and repairers; Heating, air conditioning, and refrigeration mechanics and installers; Electrical power-line installers and repairers; Telecommunications line installers and repairers; Manufactured building and mobile home installers; Helpers--installation, maintenance, and repair workers; Other installation, maintenance, and repair workers",54.0,drywall installer,94.0,electrical and electronics installer,94.0,solar photovoltaic installer,94,control and valve installer,94.0,telecommunications line installer,94.0,security and fire alarm systems installer,94.0,automotive glass installer,94.0,audiovisual equipment installer,94.0,electrical power-line installer,94.0,drywall and ceiling tile installer,94.0,manufactured building and mobile home installer,94.0,telecommunications equipment installer,54.0,air conditioning installer,54.0,carpet installer,94.0,elevator and escalator installer,,,,,,,,,,,,,,,,,,,,,,,,,,,,,,,,,,,,,,,,,,,,,,,,,,,,,,,,,,,,,,,,,,,,,,,,,,,,,,,,,,,,,,,"Carpet, floor, and tile installers and finishers; Drywall installers, ceiling tile installers, and tapers; Radio and telecommunications equipment installers and repairers; Miscellaneous vehicle and mobile equipment mechanics, installers, and repairers; Heating, air conditioning, and refrigeration mechanics and installers; Electrical power-line installers and repairers; Telecommunications line installers and repairers; Other installation, maintenance, and repair workers"
claims examiner,362,0.552,0.44799999999999995,0.773,0.18100000000000002,0.023,0.10400000000000001,Overlap,94,"Claims adjusters, appraisers, examiners, and investigators",94.0,claims investigator,,,,,,,,,,,,,,,,,,,,,,,,,,,,,,,,,,,,,,,,,,,,,,,,,,,,,,,,,,,,,,,,,,,,,,,,,,,,,,,,,,,,,,,,,,,,,,,,,,,,,,,,,,,,,,,,,,,"Claims adjusters, appraisers, examiners, and investigators"
title examiner,97,0.655,0.345,0.804,0.086,0.066,0.17600000000000002,Good,94,"Title examiners, abstractors, and searchers",,,,,,,,,,,,,,,,,,,,,,,,,,,,,,,,,,,,,,,,,,,,,,,,,,,,,,,,,,,,,,,,,,,,,,,,,,,,,,,,,,,,,,,,,,,,,,,,,,,,,,,,,,,,,,,,,,,,,"Title examiners, abstractors, and searchers"
packer,690,0.517,0.483,0.618,0.258,0.063,0.353,Overlap,94,"Packers and packagers, hand",94.0,order filler,,,,,,,,,,,,,,,,,,,,,,,,,,,,,,,,,,,,,,,,,,,,,,,,,,,,,,,,,,,,,,,,,,,,,,,,,,,,,,,,,,,,,,,,,,,,,,,,,,,,,,,,,,,,,,,,,,,"Packers and packagers, hand"
machinist,307,0.063,0.937,0.8290000000000001,0.06,0.075,0.133,Good,54,Machinists,94.0,processing machine operator,94.0,machine operator,54.0,printing press operator,94,rotary drill operator,94.0,cutter,54.0,welder,94.0,brazer,94.0,machine tender,,,,,,,,,,,,,,,,,,,,,,,,,,,,,,,,,,,,,,,,,,,,,,,,,,,,,,,,,,,,,,,,,,,,,,,,,,,,,,,,,,,,,,,,,,,,,,,,,,,,,Machinists
stocker,1640,0.365,0.635,0.747,0.155,0.048,0.23600000000000002,Good,54,Stockers and order fillers,,,,,,,,,,,,,,,,,,,,,,,,,,,,,,,,,,,,,,,,,,,,,,,,,,,,,,,,,,,,,,,,,,,,,,,,,,,,,,,,,,,,,,,,,,,,,,,,,,,,,,,,,,,,,,,,,,,,,Stockers and order fillers
computer support specialist,687,0.262,0.738,0.67,0.132,0.15,0.09699999999999999,Good,54,Computer support specialists,94.0,computer user support specialist,,,,,,,,,,,,,,,,,,,,,,,,,,,,,,,,,,,,,,,,,,,,,,,,,,,,,,,,,,,,,,,,,,,,,,,,,,,,,,,,,,,,,,,,,,,,,,,,,,,,,,,,,,,,,,,,,,,Computer support specialists
planner,169,0.6920000000000001,0.30799999999999994,0.777,0.11800000000000001,0.071,0.175,Good,94,"Meeting, convention, and event planners",54.0,event planner,94.0,wedding planner,94.0,"meeting, convention, and event planner",,,,,,,,,,,,,,,,,,,,,,,,,,,,,,,,,,,,,,,,,,,,,,,,,,,,,,,,,,,,,,,,,,,,,,,,,,,,,,,,,,,,,,,,,,,,,,,,,,,,,,,,,,,,,,,"Meeting, convention, and event planners"
dry-cleaning worker,121,0.745,0.255,0.7659999999999999,0.13,0.053,0.444,Good,94,Laundry and dry-cleaning workers,94.0,laundry worker,,,,,,,,,,,,,,,,,,,,,,,,,,,,,,,,,,,,,,,,,,,,,,,,,,,,,,,,,,,,,,,,,,,,,,,,,,,,,,,,,,,,,,,,,,,,,,,,,,,,,,,,,,,,,,,,,,,Laundry and dry-cleaning workers
pipelayer,54,0.013999999999999999,0.986,0.846,0.078,0.0,0.49700000000000005,Good,94,Pipelayers,,,,,,,,,,,,,,,,,,,,,,,,,,,,,,,,,,,,,,,,,,,,,,,,,,,,,,,,,,,,,,,,,,,,,,,,,,,,,,,,,,,,,,,,,,,,,,,,,,,,,,,,,,,,,,,,,,,,,Pipelayers
administrator,3316,0.840955066344994,0.15904493365500605,0.7966269601930036,0.1306764173703257,0.04143063932448733,0.14001477683956576,Overlap,94,"Education and childcare administrators; Executive secretaries and executive administrative assistants; Legal secretaries and administrative assistants; Medical secretaries and administrative assistants; Secretaries and administrative assistants, except legal, medical, and executive",94.0,education and childcare administrator,71.0,administrative assistant,,,,,,,,,,,,,,,,,,,,,,,,,,,,,,,,,,,,,,,,,,,,,,,,,,,,,,,,,,,,,,,,,,,,,,,,,,,,,,,,,,,,,,,,,,,,,,,,,,,,,,,,,,,,,,,,,"Education and childcare administrators; Executive secretaries and executive administrative assistants; Legal secretaries and administrative assistants; Medical secretaries and administrative assistants; Secretaries and administrative assistants, except legal, medical, and executive"
tree trimmer,118,0.03,0.97,0.853,0.055,0.016,0.36700000000000005,Good,94,Tree trimmers and pruners,94.0,faller,94.0,logging worker,94.0,trimmer,94,log scaler,,,,,,,,,,,,,,,,,,,,,,,,,,,,,,,,,,,,,,,,,,,,,,,,,,,,,,,,,,,,,,,,,,,,,,,,,,,,,,,,,,,,,,,,,,,,,,,,,,,,,,,,,,,,,Tree trimmers and pruners
operator,1369,0.24147699050401752,0.7585230094959825,0.8190248356464573,0.12326953981008035,0.027050401753104455,0.2833557341124909,Good,no_source,"Communications equipment operators, all other; Mail clerks and mail machine operators, except postal service; Office machine operators, except computer; Construction equipment operators; Rail-track laying and maintenance equipment operators; Derrick, rotary drill, and service unit operators, oil and gas; Excavating and loading machine and dragline operators, surface mining; Underground mining machine operators; Food and tobacco roasting, baking, and drying machine operators and tenders; Food cooking machine operators and tenders; Forming machine setters, operators, and tenders, metal and plastic; Computer numerically controlled tool operators and programmers; Cutting, punching, and press machine setters, operators, and tenders, metal and plastic; Grinding, lapping, polishing, and buffing machine tool setters, operators, and tenders, metal and plastic; Other machine tool setters, operators, and tenders, metal and plastic; Metal furnace operators, tenders, pourers, and casters; Molders and molding machine setters, operators, and tenders, metal and plastic; Printing press operators; Sewing machine operators; Textile machine setters, operators, and tenders; Sawing machine setters, operators, and tenders, wood; Woodworking machine setters, operators, and tenders, except sawing; Power plant operators, distributors, and dispatchers; Stationary engineers and boiler operators; Water and wastewater treatment plant and system operators; Miscellaneous plant and system operators; Chemical processing machine setters, operators, and tenders; Extruding, forming, pressing, and compacting machine setters, operators, and tenders; Furnace, kiln, oven, drier, and kettle operators and tenders; Packaging and filling machine operators and tenders; Photographic process workers and processing machine operators; Adhesive bonding machine operators and tenders; Paper goods machine setters, operators, and tenders; Other production equipment operators and tenders; Crane and tower operators; Conveyor, dredge, and hoist and winch operators; Pumping station operator",94.0,construction equipment operator,71.0,crane operator,94.0,crane and tower operator,94,loading and moving machine operator,54.0,tractor operator,94.0,logging equipment operator,94.0,rail-track laying and maintenance equipment operator,94.0,plant and system operator,94.0,chemical equipment operator,94.0,derrick operator,94.0,gas plant operator,94.0,gas compressor and gas pumping station operator,94.0,food cooking machine operator,94.0,pile driver operator,94.0,computer numerically controlled tool operator,94.0,underground mining machine operator,94.0,refinery operator,94.0,excavating and loading machine and dragline operator,94.0,crematory operator,94.0,"paving, surfacing, and tamping equipment operator",94.0,service unit operator,94.0,postal service mail processing machine operator,94.0,water and wastewater treatment plant and system operator,94.0,boiler operator,94.0,petroleum pump system operator,94.0,communications equipment operator,94.0,chemical plant and system operator,94.0,conveyor operator,94.0,hoist and winch operator,94.0,agricultural equipment operator,94.0,dredge operator,94.0,pump operator,,,,,,,,,,,,,,,,,,,,,,,,,,,,,,,,,,,,,,,,,,,,,,,,,,,,,"Construction equipment operators; Computer numerically controlled tool operators and programmers; Cutting, punching, and press machine setters, operators, and tenders, metal and plastic; Printing press operators; Sewing machine operators; Stationary engineers and boiler operators; Water and wastewater treatment plant and system operators; Packaging and filling machine operators and tenders; Crane and tower operators"
reservation and transportation ticket agent,123,0.45899999999999996,0.541,0.6970000000000001,0.19899999999999998,0.078,0.191,Good,94,Reservation and transportation ticket agents and travel clerks,,,,,,,,,,,,,,,,,,,,,,,,,,,,,,,,,,,,,,,,,,,,,,,,,,,,,,,,,,,,,,,,,,,,,,,,,,,,,,,,,,,,,,,,,,,,,,,,,,,,,,,,,,,,,,,,,,,,,Reservation and transportation ticket agents and travel clerks
food processing worker,219,0.3754474885844749,0.624552511415525,0.7360410958904109,0.19430593607305935,0.03280365296803653,0.37158447488584473,Good,94,"Food and tobacco roasting, baking, and drying machine operators and tenders; Food batchmakers; Food cooking machine operators and tenders; Food processing workers, all other",94.0,food preparation and serving worker,94.0,food batchmaker,94.0,food cooking machine tender,,,,,,,,,,,,,,,,,,,,,,,,,,,,,,,,,,,,,,,,,,,,,,,,,,,,,,,,,,,,,,,,,,,,,,,,,,,,,,,,,,,,,,,,,,,,,,,,,,,,,,,,,,,,,,,"Food batchmakers; Food processing workers, all other"
video editor,148,0.188,0.812,0.72,0.125,0.063,0.168,Overlap,94,"Television, video, and film camera operators and editors",,,,,,,,,,,,,,,,,,,,,,,,,,,,,,,,,,,,,,,,,,,,,,,,,,,,,,,,,,,,,,,,,,,,,,,,,,,,,,,,,,,,,,,,,,,,,,,,,,,,,,,,,,,,,,,,,,,,,"Television, video, and film camera operators and editors"
drafter,98,0.205,0.795,0.8859999999999999,0.032,0.08199999999999999,0.08900000000000001,Good,71,Architectural and civil drafters; Other drafters,70.0,drawer,94.0,architectural and civil drafter,94.0,mechanical drafter,94,electrical and electronics drafter,,,,,,,,,,,,,,,,,,,,,,,,,,,,,,,,,,,,,,,,,,,,,,,,,,,,,,,,,,,,,,,,,,,,,,,,,,,,,,,,,,,,,,,,,,,,,,,,,,,,,,,,,,,,,Other drafters
news vendor,73,0.5429999999999999,0.4570000000000001,0.7140000000000001,0.154,0.027000000000000003,0.243,Overlap,94,"Door-to-door sales workers, news and street vendors, and related workers",,,,,,,,,,,,,,,,,,,,,,,,,,,,,,,,,,,,,,,,,,,,,,,,,,,,,,,,,,,,,,,,,,,,,,,,,,,,,,,,,,,,,,,,,,,,,,,,,,,,,,,,,,,,,,,,,,,,,"Door-to-door sales workers, news and street vendors, and related workers"
exercise trainer,257,0.5670000000000001,0.43299999999999994,0.789,0.109,0.062,0.168,Overlap,94,Exercise trainers and group fitness instructors,,,,,,,,,,,,,,,,,,,,,,,,,,,,,,,,,,,,,,,,,,,,,,,,,,,,,,,,,,,,,,,,,,,,,,,,,,,,,,,,,,,,,,,,,,,,,,,,,,,,,,,,,,,,,,,,,,,,,Exercise trainers and group fitness instructors
animal trainer,82,0.691,0.30900000000000005,0.8690000000000001,0.040999999999999995,0.0,0.22,Good,94,Animal trainers,,,,,,,,,,,,,,,,,,,,,,,,,,,,,,,,,,,,,,,,,,,,,,,,,,,,,,,,,,,,,,,,,,,,,,,,,,,,,,,,,,,,,,,,,,,,,,,,,,,,,,,,,,,,,,,,,,,,,Animal trainers
marketing specialist,511,0.617,0.383,0.789,0.073,0.10300000000000001,0.10800000000000001,Good,94,Market research analysts and marketing specialists,94.0,product promoter,,,,,,,,,,,,,,,,,,,,,,,,,,,,,,,,,,,,,,,,,,,,,,,,,,,,,,,,,,,,,,,,,,,,,,,,,,,,,,,,,,,,,,,,,,,,,,,,,,,,,,,,,,,,,,,,,,,Market research analysts and marketing specialists
assembler,1162,0.3796333907056799,0.6203666092943202,0.6703476764199655,0.21643373493975904,0.08045611015490534,0.25441135972461276,Good,94,"Electrical, electronics, and electromechanical assemblers; Aircraft structure, surfaces, rigging, and systems assemblers; Engine and other machine assemblers; Other assemblers and fabricators",94.0,electrical and electronic equipment assembler,94.0,team assembler,94.0,electromechanical equipment assembler,94,timing device assembler,,,,,,,,,,,,,,,,,,,,,,,,,,,,,,,,,,,,,,,,,,,,,,,,,,,,,,,,,,,,,,,,,,,,,,,,,,,,,,,,,,,,,,,,,,,,,,,,,,,,,,,,,,,,,"Electrical, electronics, and electromechanical assemblers; Other assemblers and fabricators"
data entry keyer,224,0.727,0.273,0.701,0.161,0.076,0.17600000000000002,Good,54,Data entry keyers,94.0,word processor,,,,,,,,,,,,,,,,,,,,,,,,,,,,,,,,,,,,,,,,,,,,,,,,,,,,,,,,,,,,,,,,,,,,,,,,,,,,,,,,,,,,,,,,,,,,,,,,,,,,,,,,,,,,,,,,,,,Data entry keyers
human resources specialist,980,0.765,0.235,0.7490000000000001,0.147,0.06,0.16699999999999998,Good,94,Human resources workers,94.0,human resources assistant,94.0,training and development specialist,,,,,,,,,,,,,,,,,,,,,,,,,,,,,,,,,,,,,,,,,,,,,,,,,,,,,,,,,,,,,,,,,,,,,,,,,,,,,,,,,,,,,,,,,,,,,,,,,,,,,,,,,,,,,,,,,Human resources workers
healthcare support worker,969,0.8493065015479876,0.15069349845201235,0.7060103199174406,0.17531372549019608,0.06310216718266254,0.26668833849329204,Good,94,Medical assistants; Medical transcriptionists; Phlebotomists; Other healthcare support workers,94.0,medical transcriptionist,94.0,community health worker,54.0,medical records specialist,94,diagnostic medical sonographer,94.0,orthotist,94.0,medical assistant,94.0,medical dosimetrist,21.0,optician,94.0,hearing aid specialist,94.0,phlebotomist,94.0,prosthetist,,,,,,,,,,,,,,,,,,,,,,,,,,,,,,,,,,,,,,,,,,,,,,,,,,,,,,,,,,,,,,,,,,,,,,,,,,,,,,,,,,,,,,,,,,,,,,,Medical assistants; Phlebotomists; Other healthcare support workers
property mananger,880,0.517,0.483,0.8079999999999999,0.10400000000000001,0.055,0.126,Good,94,"Property, real estate, and community association managers",,,,,,,,,,,,,,,,,,,,,,,,,,,,,,,,,,,,,,,,,,,,,,,,,,,,,,,,,,,,,,,,,,,,,,,,,,,,,,,,,,,,,,,,,,,,,,,,,,,,,,,,,,,,,,,,,,,,,"Property, real estate, and community association managers"
gambling service worker,90,0.402,0.598,0.525,0.22399999999999998,0.163,0.141,Good,94,Gambling services workers,94.0,gambling cage worker,94.0,gambling surveillance officer,94.0,gambling change person,94,gambling investigator,,,,,,,,,,,,,,,,,,,,,,,,,,,,,,,,,,,,,,,,,,,,,,,,,,,,,,,,,,,,,,,,,,,,,,,,,,,,,,,,,,,,,,,,,,,,,,,,,,,,,,,,,,,,,Gambling services workers
dispatcher,184,0.544,0.45599999999999996,0.7440000000000001,0.14300000000000002,0.045,0.192,Good,54,"Dispatchers, except police, fire, and ambulance",,,,,,,,,,,,,,,,,,,,,,,,,,,,,,,,,,,,,,,,,,,,,,,,,,,,,,,,,,,,,,,,,,,,,,,,,,,,,,,,,,,,,,,,,,,,,,,,,,,,,,,,,,,,,,,,,,,,,"Dispatchers, except police, fire, and ambulance"
cost estimator,148,0.177,0.823,0.9620000000000001,0.003,0.019,0.076,Good,94,Cost estimators,,,,,,,,,,,,,,,,,,,,,,,,,,,,,,,,,,,,,,,,,,,,,,,,,,,,,,,,,,,,,,,,,,,,,,,,,,,,,,,,,,,,,,,,,,,,,,,,,,,,,,,,,,,,,,,,,,,,,Cost estimators
real estate appraiser,97,0.342,0.6579999999999999,0.9470000000000001,0.006,0.040999999999999995,0.11900000000000001,Good,94,Property appraisers and assessors,94.0,personal and business property appraiser,94.0,real estate assessor,,,,,,,,,,,,,,,,,,,,,,,,,,,,,,,,,,,,,,,,,,,,,,,,,,,,,,,,,,,,,,,,,,,,,,,,,,,,,,,,,,,,,,,,,,,,,,,,,,,,,,,,,,,,,,,,,Property appraisers and assessors
messenger,929,0.278,0.722,0.6759999999999999,0.237,0.051,0.217,Good,94,Couriers and messengers,,,,,,,,,,,,,,,,,,,,,,,,,,,,,,,,,,,,,,,,,,,,,,,,,,,,,,,,,,,,,,,,,,,,,,,,,,,,,,,,,,,,,,,,,,,,,,,,,,,,,,,,,,,,,,,,,,,,,Couriers and messengers
scout,288,0.409,0.591,0.747,0.146,0.055999999999999994,0.14400000000000002,Overlap,94,Coaches and scouts,,,,,,,,,,,,,,,,,,,,,,,,,,,,,,,,,,,,,,,,,,,,,,,,,,,,,,,,,,,,,,,,,,,,,,,,,,,,,,,,,,,,,,,,,,,,,,,,,,,,,,,,,,,,,,,,,,,,,Coaches and scouts
recreation worker,182,0.589,0.41100000000000003,0.7490000000000001,0.177,0.025,0.129,Good,94,Recreation workers,94.0,recreational protective service worker,94.0,ski patrol,,,,,,,,,,,,,,,,,,,,,,,,,,,,,,,,,,,,,,,,,,,,,,,,,,,,,,,,,,,,,,,,,,,,,,,,,,,,,,,,,,,,,,,,,,,,,,,,,,,,,,,,,,,,,,,,,Recreation workers
loan officer,343,0.516,0.484,0.815,0.106,0.055999999999999994,0.16399999999999998,Good,94,Credit counselors and loan officers,94.0,loan interviewer,94.0,credit checker,,,,,,,,,,,,,,,,,,,,,,,,,,,,,,,,,,,,,,,,,,,,,,,,,,,,,,,,,,,,,,,,,,,,,,,,,,,,,,,,,,,,,,,,,,,,,,,,,,,,,,,,,,,,,,,,,Credit counselors and loan officers
logistician,197,0.387,0.613,0.675,0.222,0.066,0.161,Good,54,Logisticians,,,,,,,,,,,,,,,,,,,,,,,,,,,,,,,,,,,,,,,,,,,,,,,,,,,,,,,,,,,,,,,,,,,,,,,,,,,,,,,,,,,,,,,,,,,,,,,,,,,,,,,,,,,,,,,,,,,,,Logisticians
purchasing agent,544,0.5425753676470588,0.4574246323529412,0.7795183823529412,0.1016966911764706,0.06565441176470589,0.14973161764705883,Good,54,"Buyers and purchasing agents, farm products; Wholesale and retail buyers, except farm products; Purchasing agents, except wholesale, retail, and farm products",54.0,wholesale buyer,,,,,,,,,,,,,,,,,,,,,,,,,,,,,,,,,,,,,,,,,,,,,,,,,,,,,,,,,,,,,,,,,,,,,,,,,,,,,,,,,,,,,,,,,,,,,,,,,,,,,,,,,,,,,,,,,,,"Wholesale and retail buyers, except farm products; Purchasing agents, except wholesale, retail, and farm products"
claims appraiser,362,0.552,0.44799999999999995,0.773,0.18100000000000002,0.023,0.10400000000000001,Overlap,54,"Claims adjusters, appraisers, examiners, and investigators",94.0,claims adjuster,,,,,,,,,,,,,,,,,,,,,,,,,,,,,,,,,,,,,,,,,,,,,,,,,,,,,,,,,,,,,,,,,,,,,,,,,,,,,,,,,,,,,,,,,,,,,,,,,,,,,,,,,,,,,,,,,,,"Claims adjusters, appraisers, examiners, and investigators"
compliance officer,333,0.518,0.482,0.789,0.125,0.042,0.145,Good,54,Compliance officers,,,,,,,,,,,,,,,,,,,,,,,,,,,,,,,,,,,,,,,,,,,,,,,,,,,,,,,,,,,,,,,,,,,,,,,,,,,,,,,,,,,,,,,,,,,,,,,,,,,,,,,,,,,,,,,,,,,,,Compliance officers
occupational health and safety specialist,71,0.179,0.821,0.7879999999999999,0.126,0.018000000000000002,0.16,Good,94,Occupational health and safety specialists and technicians,94.0,occupational health and safety technician,94.0,health and safety engineer,,,,,,,,,,,,,,,,,,,,,,,,,,,,,,,,,,,,,,,,,,,,,,,,,,,,,,,,,,,,,,,,,,,,,,,,,,,,,,,,,,,,,,,,,,,,,,,,,,,,,,,,,,,,,,,,,Occupational health and safety specialists and technicians
